Date,Symbol,Series,Prev Close,Open Price,High Price,Low Price,Last Price,Close Price,Average Price,Total Traded Quantity,Turnover,No. of Trades,Deliverable Qty,% Dly Qt to Traded Qty,Day_Perc_Change,Trend,Lower Band,Middle Band,Upper Band
2017-05-15,GMRINFRA,EQ,16.6,16.7,17.7,16.7,17.6,17.55,17.15,51996656,891657894.35,11922,29960644,57.62,5.722891566265056,Among top gainers,,,
2017-05-16,GMRINFRA,EQ,17.55,17.6,17.7,17.05,17.35,17.4,17.38,18797177,326723844.0,10494,5716554,30.41,-0.8547008547008628,Slight negative,,,
2017-05-17,GMRINFRA,EQ,17.4,17.4,17.7,17.25,17.25,17.3,17.4,14686157,255570151.25,8448,4250771,28.94,-0.5747126436781436,Slight negative,,,
2017-05-18,GMRINFRA,EQ,17.3,17.15,17.25,16.65,16.75,16.75,16.94,17050095,288900438.15,9429,5476423,32.12,-3.179190751445093,Among top losers,,,
2017-05-19,GMRINFRA,EQ,16.75,16.85,17.35,16.6,17.0,16.95,16.96,22080313,374440580.75,9355,2110450,9.56,1.1940298507462588,Positive,,,
2017-05-22,GMRINFRA,EQ,16.95,17.1,17.25,16.65,16.7,16.8,16.92,13103012,221739115.15,6187,1690943,12.9,-0.8849557522123797,Slight negative,,,
2017-05-23,GMRINFRA,EQ,16.8,16.7,16.75,15.6,15.75,15.9,16.14,27678783,446774134.05,14512,7544503,27.26,-5.35714285714286,Among top losers,,,
2017-05-24,GMRINFRA,EQ,15.9,15.9,16.0,14.25,14.6,14.55,15.01,34309492,515072625.05,22645,6123558,17.85,-8.490566037735848,Bull run,,,
2017-05-25,GMRINFRA,EQ,14.55,14.7,15.4,14.45,15.25,15.2,15.08,29769387,448799076.75,18513,9617533,32.31,4.4673539518900185,Among top gainers,,,
2017-05-26,GMRINFRA,EQ,15.2,15.3,16.05,15.15,15.95,15.95,15.7,17886317,280852804.6,10010,4255974,23.79,4.9342105263157965,Among top gainers,,,
2017-05-29,GMRINFRA,EQ,15.95,16.0,16.15,14.7,14.8,14.8,15.14,19771246,299397689.2,16182,6085479,30.78,-7.210031347962376,Bull run,,,
2017-05-30,GMRINFRA,EQ,14.8,14.45,15.15,14.2,14.9,15.0,14.71,22808916,335470548.4,17394,6882926,30.18,1.3513513513513375,Positive,,,
2017-05-31,GMRINFRA,EQ,15.0,15.0,15.3,14.75,15.1,15.05,15.03,20483733,307813512.55,8847,7807318,38.11,0.33333333333334103,Slight or No change,,,
2017-06-01,GMRINFRA,EQ,15.05,15.25,15.25,14.6,15.0,14.95,14.9,6267102,93359698.3,4781,1287570,20.54,-0.6644518272425293,Slight negative,13.837033051059556,16.010714285714286,18.184395520369016
2017-06-02,GMRINFRA,EQ,14.95,15.05,19.05,14.95,16.8,16.9,17.46,318000100,5552426068.1,147752,56772035,17.85,13.043478260869556,Bear drop,13.907616049538818,15.964285714285714,18.020955379032607
2017-06-05,GMRINFRA,EQ,16.9,17.05,17.65,16.15,16.75,16.7,16.89,119450359,2017744750.25,70576,33645464,28.17,-1.1834319526627168,Negative,13.977425220747635,15.914285714285713,17.851146207823792
2017-06-06,GMRINFRA,EQ,16.7,16.75,16.9,16.1,16.25,16.2,16.36,31427653,514214749.7,20116,5305236,16.88,-2.9940119760479056,Negative,14.058322691517644,15.835714285714284,17.613105879910922
2017-06-07,GMRINFRA,EQ,16.2,16.3,17.05,16.3,16.6,16.65,16.72,54402871,909653434.6,22307,19736751,36.28,2.777777777777768,Positive,14.066267741429428,15.828571428571426,17.590875115713423
2017-06-08,GMRINFRA,EQ,16.65,16.7,16.8,16.5,16.55,16.6,16.62,22362868,371577135.6,7480,11750715,52.55,-0.30030030030028243,Slight or No change,14.10087479552847,15.803571428571427,17.50626806161438
2017-06-09,GMRINFRA,EQ,16.6,16.7,17.1,16.2,16.95,17.0,16.75,23436220,392595301.0,11431,6523037,27.83,2.409638554216853,Positive,14.076236702508051,15.81785714285714,17.559477583206228
2017-06-12,GMRINFRA,EQ,17.0,16.95,18.2,16.75,17.8,17.75,17.75,87581719,1554752749.05,45834,24855221,28.38,4.41176470588236,Among top gainers,13.924014959429515,15.949999999999998,17.975985040570478
2017-06-13,GMRINFRA,EQ,17.75,17.95,19.5,17.9,18.9,18.85,18.85,146441624,2759883004.4,64043,31048424,21.2,6.197183098591562,Among top gainers,13.87326845968456,16.257142857142853,18.641017254601145
2017-06-14,GMRINFRA,EQ,18.85,18.85,19.75,18.15,19.3,19.3,19.08,106021545,2023155124.55,47613,24966459,23.55,2.3872679045092715,Positive,13.75384879907013,16.549999999999997,19.346151200929864
2017-06-15,GMRINFRA,EQ,19.3,19.2,20.1,19.05,19.75,19.75,19.61,98657216,1934420498.55,48482,14930339,15.13,2.3316062176165664,Positive,13.574722717628614,16.82142857142857,20.068134425228525
2017-06-16,GMRINFRA,EQ,19.75,19.6,20.15,19.25,19.3,19.45,19.66,54266696,1066961331.8,27698,7333552,13.51,-1.51898734177216,Negative,13.846826739370211,17.153571428571425,20.46031611777264
2017-06-19,GMRINFRA,EQ,19.45,19.45,19.7,19.15,19.25,19.3,19.41,29545324,573547073.0,12926,4415210,14.94,-0.7712082262210762,Slight negative,14.21745415681061,17.460714285714282,20.703974414617953
2017-06-20,GMRINFRA,EQ,19.3,19.3,20.2,19.15,20.05,20.0,19.74,57331928,1131807044.1,30794,10339513,18.03,3.6269430051813374,Among top gainers,14.624294498616935,17.81428571428571,21.004276929954486
2017-06-21,GMRINFRA,EQ,20.0,20.1,21.65,19.85,21.3,21.35,20.92,132714510,2776634790.8,62360,25681786,19.35,6.750000000000012,Among top gainers,15.015968238691894,18.27142857142857,21.526888904165244
2017-06-22,GMRINFRA,EQ,21.35,21.4,22.05,20.4,20.75,20.8,21.41,78981450,1690971217.4,41215,17556700,22.23,-2.5761124121779893,Negative,15.136452330447444,18.55,21.963547669552558
2017-06-23,GMRINFRA,EQ,20.8,20.65,21.75,20.35,21.5,21.35,21.16,68100893,1440970584.8,37119,12682368,18.62,2.644230769230771,Positive,15.341476439458376,18.88214285714286,22.422809274827344
2017-06-27,GMRINFRA,EQ,21.35,21.6,22.0,18.3,19.25,19.25,20.18,81835389,1651368865.35,38302,21581943,26.37,-9.836065573770504,Bull run,15.912524509898159,19.1,22.287475490101844
2017-06-28,GMRINFRA,EQ,19.25,19.2,20.45,18.8,19.45,19.3,19.64,64165663,1260525287.35,32237,13692990,21.34,0.2597402597402709,Slight or No change,16.43078191753401,19.289285714285718,22.147789511037427
2017-06-29,GMRINFRA,EQ,19.3,19.65,19.8,18.7,18.9,19.0,19.12,119030605,2275961224.75,35004,40666595,34.16,-1.5544041450777255,Negative,17.043093531772495,19.46071428571429,21.878335039656083
2017-06-30,GMRINFRA,EQ,19.0,19.15,20.1,19.0,19.85,19.65,19.65,66433073,1305469265.9,30013,19287680,29.03,3.421052631578947,Among top gainers,17.69080079153203,19.650000000000002,21.609199208467974
2017-07-03,GMRINFRA,EQ,19.65,19.85,20.25,19.5,19.6,19.6,19.82,32453078,643088166.05,14848,10255472,31.6,-0.25445292620863696,Slight or No change,18.153265403728476,19.782142857142862,21.411020310557248
2017-07-04,GMRINFRA,EQ,19.6,19.0,19.75,18.3,18.5,18.55,18.82,58574540,1102523637.7,26352,19962080,34.08,-5.35714285714286,Among top losers,18.07221081931455,19.76071428571429,21.44921775211403
2017-07-05,GMRINFRA,EQ,18.55,18.65,19.15,18.45,18.95,18.9,18.77,50223748,942558992.75,24281,15301449,30.47,1.8867924528301658,Positive,17.99716019579871,19.732142857142858,21.467125518487006
2017-07-06,GMRINFRA,EQ,18.9,19.2,19.35,18.65,19.0,19.0,19.03,33223410,632230736.8,15080,5223497,15.72,0.5291005291005346,Slight positive,17.900190883626856,19.678571428571427,21.456951973516
2017-07-07,GMRINFRA,EQ,19.0,19.0,19.5,18.5,19.2,19.3,19.02,40301587,766407162.4,17143,9174946,22.77,1.5789473684210575,Positive,17.881753888516897,19.667857142857144,21.453960397197392
2017-07-10,GMRINFRA,EQ,19.3,19.3,21.2,18.85,18.95,19.0,19.06,10518942,200520564.1,5461,3539118,33.65,-1.5544041450777255,Negative,17.834305173645962,19.646428571428572,21.458551969211182
2017-07-11,GMRINFRA,EQ,19.0,19.2,19.3,18.3,18.35,18.45,18.77,26038665,488644020.15,17792,8360277,32.11,-2.8947368421052717,Negative,17.629679912213373,19.535714285714285,21.441748659215197
2017-07-12,GMRINFRA,EQ,18.45,18.5,18.85,17.65,18.05,18.05,18.12,79963225,1448840026.5,25527,37886323,47.38,-2.168021680216792,Negative,17.550714431546417,19.3,21.049285568453584
2017-07-13,GMRINFRA,EQ,18.05,18.2,18.35,17.8,17.95,17.95,18.02,32054650,577487264.55,13713,6986066,21.79,-0.5540166204986208,Slight negative,17.43813274289102,19.096428571428568,20.754724399966115
2017-07-14,GMRINFRA,EQ,17.95,18.1,18.65,17.8,18.15,18.0,18.07,75911494,1371595805.3,17582,32014990,42.17,0.278551532033422,Slight or No change,17.71235053949331,18.857142857142854,20.001935174792397
2017-07-17,GMRINFRA,EQ,18.0,18.35,18.55,17.95,18.0,18.05,18.16,28179488,511856154.55,13852,9199358,32.65,0.2777777777777768,Slight or No change,17.574821646883965,18.77142857142857,19.968035495973172
2017-07-18,GMRINFRA,EQ,18.05,17.95,18.2,17.6,17.65,17.7,17.88,16685431,298378064.55,10732,4734092,28.37,-1.939058171745156,Negative,17.375402968219557,18.65714285714285,19.938882746066145
2017-07-19,GMRINFRA,EQ,17.7,17.8,18.2,17.75,18.1,18.1,18.04,20267425,365641324.9,15674,5809255,28.66,2.2598870056497193,Positive,17.295014469650727,18.592857142857138,19.89069981606355
2017-07-20,GMRINFRA,EQ,18.1,18.2,18.2,17.75,17.85,17.8,17.93,13284154,238214717.25,10102,4909485,36.96,-1.6574585635359185,Negative,17.25293273935078,18.460714285714285,19.66849583207779
2017-07-21,GMRINFRA,EQ,17.8,17.4,18.15,17.2,18.0,18.0,17.72,51757767,917249150.85,34801,14118884,27.28,1.1235955056179805,Positive,17.312791017250824,18.346428571428568,19.380066125606312
2017-07-24,GMRINFRA,EQ,18.0,18.25,19.25,18.15,18.7,18.65,18.88,89231715,1684342075.05,36181,27245237,30.53,3.6111111111110974,Among top gainers,17.312518495819607,18.353571428571424,19.394624361323242
2017-07-25,GMRINFRA,EQ,18.65,18.85,18.95,18.25,18.75,18.8,18.66,40548306,756539928.1,16775,10815732,26.67,0.8042895442359255,Slight positive,17.32025998000612,18.346428571428568,19.372597162851015
2017-07-26,GMRINFRA,EQ,18.8,18.8,19.45,18.75,19.15,19.15,19.14,50394927,964675127.7,18509,17821767,35.36,1.8617021276595704,Positive,17.298946174205238,18.357142857142854,19.41533954008047
2017-07-27,GMRINFRA,EQ,19.15,19.4,19.7,18.95,19.35,19.3,19.31,64432555,1244279341.15,22135,24349688,37.79,0.783289817232391,Slight positive,17.298946174205238,18.357142857142854,19.41533954008047
2017-07-28,GMRINFRA,EQ,19.3,19.25,19.75,18.7,18.95,18.9,19.15,65564234,1255641404.1,23372,24016900,36.63,-2.0725388601036343,Negative,17.309290183059233,18.349999999999994,19.390709816940756
2017-07-31,GMRINFRA,EQ,18.9,19.1,19.15,18.5,18.75,18.8,18.84,20709764,390140648.5,9514,6482361,31.3,-0.5291005291005124,Slight negative,17.307472302647213,18.374999999999996,19.44252769735278
2017-08-01,GMRINFRA,EQ,18.8,18.95,19.05,18.6,18.7,18.7,18.85,20289231,382407622.5,6793,7035964,34.68,-0.5319148936170248,Slight negative,17.3582589375838,18.421428571428567,19.484598205273336
2017-08-02,GMRINFRA,EQ,18.7,18.85,18.95,18.2,18.45,18.5,18.53,23115311,428434256.9,9049,4495663,19.45,-1.0695187165775333,Negative,17.43251303975231,18.460714285714282,19.488915531676255
2017-08-03,GMRINFRA,EQ,18.5,18.55,18.55,17.75,17.95,17.9,18.21,28780056,524036929.95,10683,5435833,18.89,-3.2432432432432545,Among top losers,17.41030416012745,18.453571428571422,19.496838697015395
2017-08-04,GMRINFRA,EQ,17.9,17.95,18.05,17.55,17.65,17.65,17.77,24423845,433938581.45,21710,4827338,19.76,-1.3966480446927387,Negative,17.314386863727286,18.42499999999999,19.535613136272694
2017-08-07,GMRINFRA,EQ,17.65,17.85,18.75,17.75,18.55,18.55,18.32,25559596,468354500.2,34370,5455032,21.34,5.099150141643083,Among top gainers,17.455831117262974,18.485714285714277,19.51559745416558
2017-08-08,GMRINFRA,EQ,18.55,18.7,18.7,17.55,17.65,17.7,17.95,25226585,452862168.65,32801,4494587,17.82,-4.582210242587603,Among top losers,17.361096014476608,18.45714285714285,19.55318969980909
2017-08-09,GMRINFRA,EQ,17.7,17.55,17.6,16.65,16.8,16.95,17.15,30393631,521105363.15,20132,4463530,14.69,-4.23728813559322,Among top losers,17.07299231815322,18.39642857142856,19.719864824703905
2017-08-10,GMRINFRA,EQ,16.95,16.9,17.2,15.6,16.15,15.9,16.5,35718794,589215527.3,17236,8461354,23.69,-6.194690265486723,Among top losers,16.369252178866805,18.24642857142856,20.123604963990314
2017-08-11,GMRINFRA,EQ,15.9,15.5,16.2,15.1,15.6,15.5,15.59,33704072,525508085.5,21331,6492600,19.26,-2.515723270440251,Negative,15.659970649617653,18.021428571428558,20.382886493239464
2017-08-14,GMRINFRA,EQ,15.5,15.7,16.45,15.7,16.0,16.05,16.03,23289620,373248634.25,12028,4176593,17.93,3.548387096774208,Among top gainers,15.291304007064891,17.824999999999985,20.35869599293508
2017-08-16,GMRINFRA,EQ,16.05,16.3,16.7,16.05,16.6,16.5,16.3,22701775,370001554.95,11721,5692162,25.07,2.8037383177569986,Positive,15.132661204919799,17.63571428571427,20.138767366508738
2017-08-17,GMRINFRA,EQ,16.5,16.85,19.15,16.4,18.65,18.55,18.26,151869401,2773235771.8,81173,19484381,12.83,12.424242424242426,Bear drop,15.203517804122269,17.582142857142838,19.96076791016341
2017-08-18,GMRINFRA,EQ,18.55,18.35,18.8,17.95,18.15,18.25,18.34,50471064,925749658.05,26351,7449876,14.76,-1.6172506738544534,Negative,15.244114719597068,17.535714285714267,19.827313851831466
2017-08-21,GMRINFRA,EQ,18.25,18.25,18.45,17.35,17.5,17.5,17.89,25971372,464756724.85,15848,4398742,16.94,-4.109589041095896,Among top losers,15.269643590797155,17.442857142857125,19.616070694917095
2017-08-22,GMRINFRA,EQ,17.5,17.75,17.9,16.9,17.0,17.0,17.27,33758942,582971597.75,26383,3443739,10.2,-2.857142857142858,Negative,15.263904186784096,17.321428571428555,19.378952956073014
2017-08-23,GMRINFRA,EQ,17.0,17.3,17.4,17.0,17.1,17.2,17.21,19674455,338649384.2,10466,4171604,21.2,1.1764705882352902,Positive,15.286045600324442,17.22857142857141,19.171097256818378
2017-08-24,GMRINFRA,EQ,17.2,17.3,17.65,17.1,17.2,17.25,17.26,18655881,322001818.6,8701,5700778,30.56,0.2906976744186052,Slight or No change,15.278055293360799,17.18214285714284,19.08623042092488
2017-08-28,GMRINFRA,EQ,17.25,17.25,17.9,17.2,17.35,17.45,17.63,32962980,581147742.0,12805,12010289,36.44,1.1594202898550732,Positive,15.275928073257639,17.167857142857127,19.059786212456615
2017-08-29,GMRINFRA,EQ,17.45,17.3,17.4,16.75,16.8,16.85,17.06,19985526,340968861.3,13921,6075070,30.4,-3.4383954154727725,Among top losers,15.326203055928968,17.046428571428553,18.76665408692814
2017-08-30,GMRINFRA,EQ,16.85,17.0,17.4,16.8,17.2,17.2,17.17,23081553,396233136.4,10676,4202019,18.21,2.0771513353115667,Positive,15.328600884511637,17.01071428571427,18.6928276869169
2017-08-31,GMRINFRA,EQ,17.2,17.25,17.45,17.05,17.15,17.2,17.2,23992936,412613498.35,6131,8987762,37.46,0.0,Slight or No change,15.343928446209283,17.02857142857141,18.71321441093354
2017-09-01,GMRINFRA,EQ,17.2,17.25,17.8,17.15,17.75,17.7,17.52,39925740,699315602.75,12575,11168756,27.97,2.906976744186052,Positive,15.571700845076059,17.157142857142837,18.742584869209615
2017-09-04,GMRINFRA,EQ,17.7,17.7,17.7,16.8,17.2,17.2,17.18,33442149,574454257.25,12642,7093561,21.21,-2.824858757062143,Negative,16.011403607912186,17.27857142857141,18.545739249230635
2017-09-05,GMRINFRA,EQ,17.2,17.5,17.75,17.05,17.05,17.1,17.33,37224291,645273004.95,12567,5642778,15.16,-0.5813953488371992,Slight negative,16.292030976271974,17.35357142857141,18.415111880870846
2017-09-06,GMRINFRA,EQ,17.1,17.0,17.3,16.85,17.15,17.2,17.19,18512579,318186748.95,6934,4464562,24.12,0.5847953216374213,Slight positive,16.45532260881165,17.40357142857141,18.351820248331173
2017-09-07,GMRINFRA,EQ,17.2,17.7,17.85,17.4,17.45,17.5,17.59,32065858,563883993.7,15937,6500188,20.27,1.7441860465116308,Positive,16.640525940680853,17.32857142857141,18.01661691646197
2017-09-08,GMRINFRA,EQ,17.5,17.5,17.65,17.05,17.2,17.25,17.33,17216598,298363109.2,12258,2983863,17.33,-1.4285714285714235,Negative,16.81886450713239,17.25714285714284,17.695421207153288
2017-09-11,GMRINFRA,EQ,17.25,17.4,17.65,17.15,17.3,17.3,17.44,14057115,245202378.75,6844,2634580,18.74,0.28985507246377384,Slight or No change,16.82617216157469,17.242857142857126,17.659542124139563
2017-09-12,GMRINFRA,EQ,17.3,17.45,17.6,17.25,17.35,17.35,17.43,19108231,333077726.3,9278,3858966,20.2,0.28901734104047616,Slight or No change,16.872485569120915,17.267857142857128,17.66322871659334
2017-09-13,GMRINFRA,EQ,17.35,17.5,18.55,17.35,17.85,17.9,17.98,58122179,1045103788.7,22538,10009876,17.22,3.170028818443793,Among top gainers,16.80105165518514,17.317857142857125,17.83466263052911
2017-09-14,GMRINFRA,EQ,17.9,17.95,18.45,17.9,18.05,18.0,18.12,36372371,658963659.45,14845,5598513,15.39,0.5586592178770999,Slight positive,16.74175920066047,17.371428571428556,18.00109794219664
2017-09-15,GMRINFRA,EQ,18.0,17.9,18.25,17.7,17.9,17.9,17.94,22152964,397530631.05,10594,4174326,18.84,-0.5555555555555647,Slight negative,16.713572224877044,17.40357142857141,18.093570632265777
2017-09-18,GMRINFRA,EQ,17.9,18.05,18.5,18.0,18.15,18.15,18.26,32069481,585598204.95,13989,6442997,20.09,1.3966480446927276,Positive,16.77802833402683,17.496428571428552,18.214828808830276
2017-09-19,GMRINFRA,EQ,18.15,18.2,18.3,17.95,18.05,18.05,18.09,17824803,322421904.85,7373,3787516,21.25,-0.550964187327807,Slight negative,16.803835132854502,17.55714285714284,18.310450581431176
2017-09-20,GMRINFRA,EQ,18.05,18.1,18.15,17.8,17.9,17.85,17.96,12686099,227856415.5,5628,2890108,22.78,-1.1080332409972304,Negative,16.865107028393844,17.60357142857141,18.342035828748976
2017-09-21,GMRINFRA,EQ,17.85,17.95,18.0,17.05,17.6,17.5,17.53,23417290,410532426.85,9430,4101002,17.51,-1.9607843137254943,Negative,16.85111899199997,17.589285714285698,18.327452436571424
2017-09-22,GMRINFRA,EQ,17.5,17.55,17.55,16.65,16.75,16.75,17.01,30559550,519741673.75,12623,7932998,25.96,-4.285714285714281,Among top losers,16.71420190396202,17.557142857142843,18.400083810323665
2017-09-25,GMRINFRA,EQ,16.75,16.85,16.9,16.05,16.45,16.45,16.4,24581843,403127521.75,10916,4325119,17.59,-1.7910447761194104,Negative,16.50367859661441,17.51071428571427,18.517749974814127
2017-09-26,GMRINFRA,EQ,16.45,16.6,16.75,16.25,16.6,16.55,16.48,18129513,298775387.1,7186,3242539,17.89,0.6079027355623268,Slight positive,16.342180158145442,17.464285714285698,18.586391270425953
2017-09-27,GMRINFRA,EQ,16.55,16.7,16.9,15.8,15.9,15.95,16.47,30030564,494721639.75,12756,3466103,11.54,-3.625377643504535,Among top losers,15.97100731921392,17.35357142857141,18.736135537928902
2017-09-28,GMRINFRA,EQ,15.95,15.95,16.1,15.4,15.9,15.95,15.84,40951868,648513671.4,13220,5753859,14.05,0.0,Slight or No change,15.686802661067649,17.26071428571427,18.834625910360888
2017-09-29,GMRINFRA,EQ,15.95,16.1,16.6,16.0,16.6,16.4,16.29,27492006,447872770.7,10467,7516279,27.34,2.8213166144200663,Positive,15.557261669655551,17.19642857142855,18.83559547320155
2017-10-03,GMRINFRA,EQ,16.4,16.7,16.95,16.3,16.35,16.45,16.53,15473913,255832257.05,7231,2340723,15.13,0.3048780487804992,Slight or No change,15.448919236157872,17.132142857142835,18.815366478127796
2017-10-04,GMRINFRA,EQ,16.45,16.5,16.6,16.25,16.25,16.35,16.4,16301902,267319406.75,6793,4135108,25.37,-0.6079027355622935,Slight negative,15.351921833720455,17.02142857142855,18.690935309136645
2017-10-05,GMRINFRA,EQ,16.35,16.35,16.45,16.1,16.3,16.2,16.27,7742672,125960890.15,5056,1515797,19.58,-0.9174311926605672,Slight negative,15.271434622657349,16.89285714285712,18.514279663056893
2017-10-06,GMRINFRA,EQ,16.2,16.35,16.6,16.15,16.5,16.5,16.4,19535998,320298462.55,5718,8529654,43.66,1.85185185185186,Positive,15.269269704828478,16.79285714285712,18.31644458088576
2017-10-09,GMRINFRA,EQ,16.5,16.5,16.65,16.2,16.25,16.25,16.36,13696001,224014092.85,5816,2740986,20.01,-1.5151515151515138,Negative,15.328258337730377,16.657142857142833,17.986027376555292
2017-10-10,GMRINFRA,EQ,16.25,16.25,16.6,16.2,16.5,16.4,16.35,14979023,244929673.4,7769,3252333,21.71,0.9230769230769154,Slight positive,15.476503754283774,16.53928571428569,17.602067674287603
2017-10-11,GMRINFRA,EQ,16.4,16.55,16.65,15.4,15.65,15.75,16.04,21466163,344223380.9,8882,5676477,26.44,-3.963414634146334,Among top losers,15.555223761754965,16.38928571428569,17.223347666816416
2017-10-12,GMRINFRA,EQ,15.75,15.8,16.3,15.6,16.2,16.2,15.99,14446383,231069069.55,7530,2975898,20.6,2.8571428571428465,Positive,15.757963108334497,16.296428571428546,16.834894034522595
2017-10-13,GMRINFRA,EQ,16.2,16.2,16.45,16.0,16.1,16.1,16.19,15832267,256374851.5,6762,4314092,27.25,-0.6172839506172756,Slight negative,15.771219497858537,16.249999999999975,16.72878050214141
2017-10-16,GMRINFRA,EQ,16.1,16.2,16.25,15.85,16.0,16.05,16.01,12572217,201257061.2,5686,2183222,17.37,-0.31055900621118626,Slight or No change,15.74633459576234,16.22142857142855,16.696522547094762
2017-10-17,GMRINFRA,EQ,16.05,16.05,16.2,15.9,16.15,16.05,16.02,8704296,139473011.45,3213,2598903,29.86,0.0,Slight or No change,15.742945772782278,16.185714285714262,16.628482798646246
2017-10-18,GMRINFRA,EQ,16.05,16.15,16.15,15.9,16.1,16.05,16.03,9789108,156947609.4,3616,2066027,21.11,0.0,Slight or No change,15.763444049908562,16.19285714285712,16.62227023580568
2017-10-19,GMRINFRA,EQ,16.05,16.15,16.15,15.65,16.0,15.95,15.98,2923247,46701875.8,2546,1336671,45.73,-0.6230529595015688,Slight negative,15.763444049908562,16.19285714285712,16.62227023580568
2017-10-23,GMRINFRA,EQ,15.95,16.05,17.4,15.9,17.25,17.25,16.74,33624059,562764362.65,19052,7501802,22.31,8.150470219435736,Bear drop,15.547047668053857,16.25357142857141,16.96009518908896
2017-10-24,GMRINFRA,EQ,17.25,17.4,17.55,17.1,17.35,17.4,17.33,32294974,559689672.0,16054,5239897,16.23,0.8695652173912993,Slight positive,15.387689779330804,16.32142857142855,17.2551673635263
2017-10-25,GMRINFRA,EQ,17.4,17.85,18.95,17.4,18.6,18.45,18.36,64835284,1190621897.15,31265,14186606,21.88,6.034482758620684,Among top gainers,14.99874693278725,16.47142857142855,17.944110210069848
2017-10-26,GMRINFRA,EQ,18.45,18.5,18.9,18.05,18.4,18.45,18.55,38437129,713151854.85,14537,8617024,22.42,0.0,Slight or No change,14.832310752640971,16.632142857142835,18.4319749616447
2017-10-27,GMRINFRA,EQ,18.45,18.5,18.75,17.75,18.05,18.05,18.39,26772775,492249539.55,9727,3527945,13.18,-2.168021680216792,Negative,14.793554647147385,16.742857142857122,18.69215963856686
2017-10-30,GMRINFRA,EQ,18.05,18.2,18.25,18.0,18.25,18.2,18.19,17333948,315360385.8,9917,7188968,41.47,0.8310249307479145,Slight positive,14.809757704768836,16.882142857142835,18.95452800951683
2017-10-31,GMRINFRA,EQ,18.2,18.3,19.7,18.3,19.25,19.2,19.24,86369612,1661670094.1,36922,16856160,19.52,5.494505494505497,Among top gainers,14.693835718391423,17.082142857142834,19.470449995894246
2017-11-01,GMRINFRA,EQ,19.2,19.5,19.85,18.95,19.1,19.05,19.38,34590450,670411216.25,16525,6788533,19.63,-0.7812499999999889,Slight negative,14.845982381635434,17.31785714285712,19.78973190407881
2017-11-02,GMRINFRA,EQ,19.05,19.2,19.2,18.55,18.9,18.85,18.83,20406991,384263675.35,9852,3563786,17.46,-1.0498687664041941,Negative,14.998432755591384,17.50714285714284,20.015852958694293
2017-11-03,GMRINFRA,EQ,18.85,19.0,19.65,18.75,19.05,19.0,19.22,46696034,897657362.1,17439,12504409,26.78,0.7957559681697646,Slight positive,15.227264458792563,17.714285714285698,20.201306969778834
2017-11-06,GMRINFRA,EQ,19.0,18.8,19.05,18.3,18.35,18.4,18.68,18334926,342554665.95,8148,5030445,27.44,-3.1578947368421155,Among top losers,15.567770656886665,17.88214285714284,20.19651505739901
2017-11-07,GMRINFRA,EQ,18.4,18.4,18.5,17.4,17.6,17.5,17.85,30565753,545530048.5,14384,5770067,18.88,-4.891304347826075,Among top losers,15.906724674822062,17.985714285714266,20.06470389660647
2017-11-08,GMRINFRA,EQ,17.5,17.6,18.1,17.3,17.55,17.4,17.73,25210782,446958248.5,12041,3455666,13.71,-0.5714285714285783,Slight negative,16.28359338054228,18.082142857142834,19.88069233374339
2017-11-09,GMRINFRA,EQ,17.4,17.55,17.95,17.3,17.8,17.8,17.68,26784510,473559202.4,11678,2347354,8.76,2.298850574712663,Positive,16.87814398330255,18.214285714285694,19.550427445268838
2017-11-10,GMRINFRA,EQ,17.8,17.8,18.0,17.5,17.7,17.7,17.73,18418613,326648054.45,8032,1785243,9.69,-0.5617977528090012,Slight negative,16.991000795290546,18.24642857142855,19.50185634756655
2017-11-13,GMRINFRA,EQ,17.7,17.7,18.15,17.4,17.75,17.75,17.75,15569818,276390554.8,8414,2721382,17.48,0.28248587570622874,Slight or No change,17.076108024967844,18.27142857142855,19.466749117889258
2017-11-14,GMRINFRA,EQ,17.75,17.8,18.25,17.6,17.8,17.85,17.96,19031914,341769745.55,10657,2507192,13.17,0.5633802816901401,Slight positive,17.017904552129256,18.228571428571406,19.439238305013557
2017-11-15,GMRINFRA,EQ,17.85,17.5,17.65,15.65,16.3,16.35,16.79,49081277,824312534.25,26780,12586949,25.65,-8.403361344537819,Bull run,16.51666219959543,18.07857142857141,19.640480657547393
2017-11-16,GMRINFRA,EQ,16.35,16.35,17.05,16.15,16.95,16.95,16.7,22864188,381877999.5,15697,5858335,25.62,3.6697247706421803,Among top gainers,16.32530140484463,17.99999999999998,19.674698595155327
2017-11-17,GMRINFRA,EQ,16.95,17.15,17.5,16.9,17.0,17.0,17.1,14866215,254213413.7,6931,2658326,17.88,0.2949852507374784,Slight or No change,16.162614612636883,17.914285714285693,19.665956815934504
2017-11-20,GMRINFRA,EQ,17.0,16.9,17.35,16.8,17.2,17.2,17.13,14821175,253841757.8,7581,2654648,17.91,1.1764705882352902,Positive,16.150073826534296,17.77142857142855,19.392783316322806
2017-11-21,GMRINFRA,EQ,17.2,17.3,17.45,17.05,17.25,17.25,17.26,12470943,215265940.2,5473,2500055,20.05,0.2906976744186052,Slight or No change,16.180584337173563,17.64285714285712,19.10512994854068
2017-11-22,GMRINFRA,EQ,17.25,17.2,17.3,16.85,16.95,17.0,17.02,10441128,177695218.25,5564,2018266,19.33,-1.449275362318836,Negative,16.19093658215465,17.510714285714265,18.83049198927388
2017-11-23,GMRINFRA,EQ,17.0,16.95,17.2,16.8,16.95,16.95,16.99,12313106,209195503.55,5367,1895800,15.4,-0.2941176470588225,Slight or No change,16.33290980622105,17.364285714285696,18.395661622350342
2017-11-24,GMRINFRA,EQ,16.95,16.95,19.1,16.9,18.65,18.65,18.28,50610462,925058106.35,18751,9757095,19.28,10.029498525073732,Bear drop,16.26817065554444,17.382142857142835,18.49611505874123
2017-11-27,GMRINFRA,EQ,18.65,18.55,19.6,18.25,18.85,18.9,19.12,70054560,1339261955.2,29456,20277440,28.95,1.3404825737265424,Positive,16.10284139354888,17.482142857142836,18.861444320736794
2017-11-28,GMRINFRA,EQ,18.9,19.25,19.4,17.95,18.05,18.15,18.62,41381364,770619023.4,25147,13501161,32.63,-3.968253968253965,Among top losers,16.11259281329013,17.535714285714263,18.958835758138395
2017-11-29,GMRINFRA,EQ,18.15,18.15,18.85,17.95,18.35,18.45,18.49,42394085,783870291.95,15355,9533439,22.49,1.6528925619834656,Positive,16.08157519898703,17.582142857142834,19.08271051529864
2017-11-30,GMRINFRA,EQ,18.45,18.3,18.85,18.1,18.3,18.35,18.45,30342770,559767962.05,12541,7834081,25.82,-0.5420054200541924,Slight negative,16.073077796453184,17.62857142857141,19.184065060689633
2017-12-01,GMRINFRA,EQ,18.35,18.5,18.6,17.4,17.6,17.6,18.09,21865345,395471935.8,11399,5343540,24.44,-4.087193460490468,Among top losers,16.063900830800662,17.617857142857126,19.17181345491359
2017-12-04,GMRINFRA,EQ,17.6,17.7,17.85,17.1,17.3,17.25,17.43,25962156,452510076.75,8767,8517009,32.81,-1.988636363636376,Negative,16.015537567966756,17.57499999999998,19.134462432033207
2017-12-05,GMRINFRA,EQ,17.25,17.15,17.3,16.85,17.2,17.2,17.05,21597195,368201371.6,7486,6284270,29.1,-0.28985507246377384,Slight or No change,16.222355726260112,17.63571428571427,19.049072845168425
2017-12-06,GMRINFRA,EQ,17.2,17.05,17.55,16.65,16.75,16.8,17.15,24489461,419936692.75,8898,3187169,13.01,-2.3255813953488302,Negative,16.187186489037032,17.624999999999982,19.062813510962933
2017-12-07,GMRINFRA,EQ,16.8,16.8,17.3,16.8,17.15,17.15,17.05,16719046,285088915.7,7217,2179197,13.03,2.083333333333326,Positive,16.215839658839112,17.63571428571427,19.055588912589425
2017-12-08,GMRINFRA,EQ,17.15,17.25,17.75,17.15,17.65,17.65,17.5,13980326,244599247.2,10089,2625747,18.78,2.9154518950437414,Positive,16.270272884845582,17.667857142857123,19.065441400868664
2017-12-11,GMRINFRA,EQ,17.65,17.85,18.1,17.55,17.65,17.65,17.76,19337980,343458959.8,7252,3783539,19.57,0.0,Slight or No change,16.319439500629944,17.69642857142855,19.07341764222716
2017-12-12,GMRINFRA,EQ,17.65,17.65,17.75,17.05,17.05,17.1,17.32,12146019,210338235.45,7542,3189054,26.26,-3.116147308781858,Among top losers,16.341184221827746,17.70357142857141,19.065958635315077
2017-12-13,GMRINFRA,EQ,17.1,17.15,17.35,16.9,17.0,17.05,17.14,11762521,201576535.35,6204,2379439,20.23,-0.29239766081872176,Slight or No change,16.36439247515695,17.710714285714268,19.057036096271585
2017-12-14,GMRINFRA,EQ,17.05,16.75,17.05,16.55,16.9,16.85,16.76,19261598,322919537.2,8616,3648952,18.94,-1.1730205278592365,Negative,16.279124383422285,17.58214285714284,18.885161330863397
2017-12-15,GMRINFRA,EQ,16.85,17.1,17.65,17.1,17.1,17.2,17.36,22369880,388335672.35,12696,3044506,13.61,2.0771513353115667,Positive,16.390718907270976,17.46071428571427,18.530709664157566
2017-12-18,GMRINFRA,EQ,17.2,16.95,17.45,16.3,17.25,17.2,17.12,18915554,323807072.85,9060,3205597,16.95,0.0,Slight or No change,16.392967039005654,17.392857142857128,18.392747246708602
2017-12-19,GMRINFRA,EQ,17.2,17.25,17.85,17.25,17.8,17.75,17.63,20920115,368836287.8,11146,4817257,23.03,3.1976744186046564,Among top gainers,16.515575084309077,17.342857142857127,18.170139201405178
2017-12-20,GMRINFRA,EQ,17.75,17.75,18.5,17.65,18.35,18.3,18.13,33432717,606282436.9,15415,9239200,27.64,3.0985915492957705,Among top gainers,16.530508316529822,17.3392857142857,18.14806311204158
2017-12-21,GMRINFRA,EQ,18.3,18.45,20.65,18.3,19.95,19.85,19.78,129338963,2558936147.45,52543,29401278,22.73,8.469945355191255,Bear drop,15.931070918894546,17.499999999999986,19.068929081105427
2017-12-22,GMRINFRA,EQ,19.85,19.95,20.2,19.3,19.6,19.55,19.65,39492713,776226286.45,21949,10489171,26.56,-1.5113350125944611,Negative,15.761886997107624,17.6642857142857,19.566684431463777
2017-12-26,GMRINFRA,EQ,19.55,19.55,20.35,19.25,19.4,19.55,19.9,61751456,1228657483.4,37433,17613571,28.52,0.0,Slight or No change,15.704808973957281,17.832142857142845,19.95947674032841
2017-12-27,GMRINFRA,EQ,19.55,19.55,20.0,18.9,18.95,19.05,19.46,46364487,902113917.35,29104,11154880,24.06,-2.557544757033248,Negative,15.861459211250487,17.99285714285713,20.124255074463772
2017-12-28,GMRINFRA,EQ,19.05,19.15,20.7,19.05,20.55,20.25,20.09,148227908,2977469693.0,52167,48450798,32.69,6.2992125984251865,Among top gainers,15.830872334139638,18.2142857142857,20.597699094431764
2017-12-29,GMRINFRA,EQ,20.25,20.9,22.8,20.7,22.6,22.45,21.76,187536370,4081665303.2,84276,40009568,21.33,10.864197530864184,Bear drop,15.301885064478302,18.557142857142846,21.81240064980739
2018-01-01,GMRINFRA,EQ,22.45,22.7,23.55,22.15,22.25,22.3,22.9,104419392,2390864229.25,54080,20134757,19.28,-0.6681514476614692,Slight negative,15.123819439873433,18.889285714285705,22.654751988697978
2018-01-02,GMRINFRA,EQ,22.3,22.5,22.9,20.95,21.45,21.65,21.79,88236346,1922296592.8,44085,12999234,14.73,-2.9147982062780358,Negative,15.330507107859187,19.2142857142857,23.098064320712215
2018-01-03,GMRINFRA,EQ,21.65,21.55,22.3,21.45,21.8,21.8,21.84,46683517,1019579592.0,24032,13067282,27.99,0.6928406466512715,Slight positive,15.654367508693507,19.553571428571416,23.452775348449325
2018-01-04,GMRINFRA,EQ,21.8,21.95,22.05,20.95,21.15,21.05,21.33,53266055,1136267691.0,26671,15651000,29.38,-3.44036697247706,Among top losers,16.212678831817296,19.853571428571417,23.494464025325538
2018-01-05,GMRINFRA,EQ,21.05,21.2,21.65,21.0,21.2,21.2,21.29,36937018,786396012.05,28584,10463334,28.33,0.7125890736342066,Slight positive,16.77838414764329,20.139285714285702,23.500187280928113
2018-01-08,GMRINFRA,EQ,21.2,21.35,22.75,21.1,21.9,22.0,21.98,78370420,1722297241.9,39477,22328104,28.49,3.773584905660377,Among top gainers,17.449599587654543,20.482142857142843,23.514686126631144
2018-01-09,GMRINFRA,EQ,22.0,22.15,22.25,21.0,21.15,21.2,21.48,48250453,1036651625.1,29921,12934741,26.81,-3.6363636363636376,Among top losers,18.12156480861748,20.728571428571417,23.335578048525353
2018-01-10,GMRINFRA,EQ,21.2,21.25,22.6,21.25,22.2,22.3,21.92,66971505,1467706761.85,38906,25726902,38.41,5.188679245283034,Among top gainers,18.692672027668078,21.014285714285702,23.335899400903326
2018-01-11,GMRINFRA,EQ,22.3,22.5,22.75,21.6,21.65,21.75,22.06,58798350,1296983945.25,37952,19407993,33.01,-2.4663677130044914,Negative,18.900555624159548,21.149999999999984,23.39944437584042
2018-01-12,GMRINFRA,EQ,21.75,21.7,21.95,20.6,20.95,21.0,21.26,60645340,1289359301.25,31121,19008234,31.34,-3.4482758620689613,Among top losers,19.196140511621305,21.253571428571412,23.31100234552152
2018-01-15,GMRINFRA,EQ,21.0,21.3,22.35,21.1,22.1,22.1,21.9,73298480,1605509359.75,32743,25780238,35.17,5.238095238095243,Among top gainers,19.587043839803854,21.435714285714273,23.28438473162469
2018-01-16,GMRINFRA,EQ,22.1,22.3,23.6,21.85,22.7,22.5,22.73,142090074,3230185031.4,70765,36706782,25.83,1.8099547511312155,Positive,20.358042499072507,21.682142857142843,23.00624321521318
2018-01-17,GMRINFRA,EQ,22.5,22.85,24.4,22.35,24.0,24.1,23.7,240175549,5692563750.0,122042,48392122,20.15,7.1111111111111125,Bear drop,20.346191326163375,21.957142857142845,23.568094388122315
2018-01-18,GMRINFRA,EQ,24.1,24.4,25.05,22.3,22.65,22.75,23.88,169390298,4044287714.0,83596,39589502,23.37,-5.601659751037346,Among top losers,20.33179635836043,21.978571428571417,23.625346498782402
2018-01-19,GMRINFRA,EQ,22.75,22.9,23.35,22.15,22.6,22.65,22.64,68548824,1552185216.2,54478,19183424,27.99,-0.4395604395604491,Slight or No change,20.32544780347725,22.003571428571412,23.681695053665575
2018-01-22,GMRINFRA,EQ,22.65,22.7,23.45,22.55,22.9,22.95,23.02,44668065,1028213270.1,26908,11635109,26.05,1.324503311258285,Positive,20.35973662951739,22.096428571428557,23.833120513339725
2018-01-23,GMRINFRA,EQ,22.95,23.3,24.25,23.25,23.8,23.85,23.77,100158161,2380981518.1,47021,31156577,31.11,3.9215686274509887,Among top gainers,20.282536469381117,22.24285714285713,24.20317781633314
2018-01-24,GMRINFRA,EQ,23.85,23.95,24.15,23.0,23.15,23.1,23.41,62787090,1470057371.0,34909,16157936,25.73,-3.1446540880503138,Among top losers,20.50813280616351,22.389285714285702,24.270438622407895
2018-01-25,GMRINFRA,EQ,23.1,23.35,23.4,22.35,22.55,22.75,22.94,55849465,1281000514.7,23133,16225778,29.05,-1.515151515151525,Negative,20.741941630442945,22.49999999999999,24.258058369557034
2018-01-29,GMRINFRA,EQ,22.75,22.75,23.45,22.5,22.6,22.7,22.93,50120454,1149319039.15,24133,11447701,22.84,-0.219780219780219,Slight or No change,20.813513715750968,22.549999999999986,24.286486284249005
2018-01-30,GMRINFRA,EQ,22.7,22.55,22.75,21.9,22.0,22.05,22.32,31148955,695337020.8,19209,5658493,18.17,-2.8634361233480066,Negative,21.024631267502524,22.610714285714273,24.196797303926022
2018-01-31,GMRINFRA,EQ,22.05,22.0,22.5,21.55,21.7,21.75,21.95,40644926,892032365.1,23234,5923698,14.57,-1.3605442176870763,Negative,20.926055438290334,22.57142857142856,24.216801704566784
2018-02-01,GMRINFRA,EQ,21.75,21.8,23.9,21.05,22.8,22.75,22.64,104502685,2365801034.75,51020,17750380,16.99,4.597701149425283,Among top gainers,21.065684822699033,22.64285714285713,24.22002946301523
2018-02-02,GMRINFRA,EQ,22.75,22.4,22.4,17.7,19.4,19.25,20.12,147724280,2972428628.0,77667,29876296,20.22,-15.384615384615385,Bull run,20.25253083154928,22.51785714285713,24.783183454164984
2018-02-05,GMRINFRA,EQ,19.25,18.8,20.4,18.15,20.25,20.15,19.7,85508428,1684346387.45,44480,10842709,12.68,4.675324675324677,Among top gainers,19.786359932655085,22.378571428571412,24.97078292448774
2018-02-06,GMRINFRA,EQ,20.15,18.2,19.7,18.2,19.35,19.35,19.06,70024411,1334649849.6,38968,8637599,12.34,-3.9702233250620167,Among top losers,19.100838910944603,22.153571428571414,25.206303946198226
2018-02-07,GMRINFRA,EQ,19.35,19.8,20.2,19.0,19.0,19.1,19.46,60140779,1170589802.2,33850,9775365,16.25,-1.2919896640826822,Negative,18.560223698738596,21.796428571428557,25.032633444118517
2018-02-08,GMRINFRA,EQ,19.1,19.1,19.7,19.0,19.3,19.35,19.4,34267301,664912953.55,20478,7286474,21.26,1.308900523560208,Positive,18.121266913276404,21.553571428571416,24.98587594386643
2018-02-09,GMRINFRA,EQ,19.35,19.0,19.9,18.55,19.55,19.55,19.35,34887960,675170949.5,18638,6036641,17.3,1.0335917312661371,Positive,17.805844483524922,21.33214285714285,24.858441230760775
2018-02-12,GMRINFRA,EQ,19.55,19.85,20.55,19.65,20.0,20.05,20.12,47674295,959138828.15,23932,10813325,22.68,2.557544757033248,Positive,17.668067166492115,21.124999999999993,24.58193283350787
2018-02-14,GMRINFRA,EQ,20.05,19.85,20.3,19.5,19.7,19.75,19.86,34448807,684027275.7,22012,7070056,20.52,-1.4962593516209544,Negative,17.689237013364313,20.83214285714285,23.975048700921384
2018-02-15,GMRINFRA,EQ,19.75,19.7,19.8,18.35,18.9,18.7,19.08,33112402,631885636.7,23264,8749433,26.42,-5.316455696202538,Among top losers,17.47341526073383,20.51785714285713,23.562299024980433
2018-02-16,GMRINFRA,EQ,18.7,18.9,19.1,18.15,18.35,18.3,18.54,35450986,657409764.55,19026,8274073,23.34,-2.1390374331550777,Negative,17.23118775368898,20.19999999999999,23.168812246310996
2018-02-19,GMRINFRA,EQ,18.3,18.45,18.6,17.3,17.9,17.85,17.78,35137702,624871424.0,21247,7625301,21.7,-2.4590163934426146,Negative,17.012265042765417,19.85357142857142,22.694877814377424
2018-02-20,GMRINFRA,EQ,17.85,17.6,18.35,17.5,17.6,17.65,17.82,29562111,526821189.6,16522,4974723,16.83,-1.1204481792717271,Negative,16.772121497583385,19.539285714285704,22.306449930988023
2018-02-21,GMRINFRA,EQ,17.65,17.75,17.95,17.2,17.45,17.3,17.44,30344685,529320041.3,17030,6762048,22.28,-1.9830028328611804,Negative,16.526785941858023,19.22142857142856,21.9160712009991
2018-02-22,GMRINFRA,EQ,17.3,17.25,17.9,17.25,17.45,17.55,17.61,47791835,841714019.6,20861,10841034,22.68,1.4450867052023142,Positive,16.92766168030065,18.84999999999999,20.772338319699333
2018-02-23,GMRINFRA,EQ,17.55,17.7,19.0,17.6,19.0,18.75,18.27,52498421,959117252.6,28276,14908429,28.4,6.837606837606836,Among top gainers,16.90542839543337,18.814285714285706,20.723143033138044
2018-02-26,GMRINFRA,EQ,18.75,19.5,19.5,18.75,19.1,19.05,19.08,31685841,604427322.6,21993,6223603,19.64,1.6000000000000014,Positive,16.979219274256916,18.735714285714277,20.492209297171637
2018-02-27,GMRINFRA,EQ,19.05,19.2,19.2,18.6,18.85,18.75,18.8,28062254,527667917.25,14165,4479683,15.96,-1.5748031496063075,Negative,16.972008898147987,18.692857142857132,20.413705387566278
2018-02-28,GMRINFRA,EQ,18.75,18.6,19.4,18.45,18.9,18.95,19.04,37442931,712976700.0,19278,6838561,18.26,1.0666666666666602,Positive,16.97037043209193,18.682142857142846,20.393915282193763
2018-03-01,GMRINFRA,EQ,18.95,18.9,19.2,18.5,18.65,18.6,18.87,22049883,415987687.25,12411,4180712,18.96,-1.846965699208436,Negative,16.960447523510037,18.628571428571416,20.296695333632794
2018-03-05,GMRINFRA,EQ,18.6,18.65,18.85,18.0,18.6,18.55,18.41,27905362,513699960.95,14548,4763319,17.07,-0.26881720430107503,Slight or No change,16.975587078386205,18.557142857142846,20.138698635899487
2018-03-06,GMRINFRA,EQ,18.55,18.75,18.9,17.65,17.85,18.0,18.47,28155206,520057362.1,15987,4627036,16.43,-2.964959568733161,Negative,17.062108982545073,18.410714285714274,19.759319588883475
2018-03-07,GMRINFRA,EQ,18.0,17.95,18.15,17.2,17.4,17.35,17.59,40740419,716634718.05,23483,5462236,13.41,-3.6111111111110974,Among top losers,17.020093944534782,18.239285714285703,19.458477484036624
2018-03-08,GMRINFRA,EQ,17.35,17.5,17.75,16.8,17.35,17.35,17.36,30889805,536185192.05,17570,4243188,13.74,0.0,Slight or No change,16.86833934996627,18.142857142857135,19.417374935748
2018-03-09,GMRINFRA,EQ,17.35,17.3,17.5,17.0,17.05,17.1,17.26,25653611,442714155.6,14773,3895610,15.19,-1.4409221902017322,Negative,16.67158151971314,18.05714285714285,19.44270419457256
2018-03-12,GMRINFRA,EQ,17.1,17.3,17.6,16.75,17.3,17.45,17.19,30564825,525382861.2,17211,4535548,14.84,2.0467836257309857,Positive,16.60854202166349,18.02857142857142,19.448600835479354
2018-03-13,GMRINFRA,EQ,17.45,17.3,17.75,17.2,17.55,17.55,17.54,26497276,464781572.7,15218,5177484,19.54,0.5730659025787954,Slight positive,16.592219922337343,18.02142857142856,19.45063722051978
2018-03-14,GMRINFRA,EQ,17.55,17.45,18.2,17.35,17.95,18.0,17.79,25571906,454994309.05,13379,5272690,20.62,2.5641025641025554,Positive,16.703266252159416,18.07142857142856,19.4395908906977
2018-03-15,GMRINFRA,EQ,18.0,17.95,18.65,17.9,18.45,18.45,18.38,35692847,656020338.1,19850,4730279,13.25,2.4999999999999907,Positive,16.788678467888595,18.135714285714272,19.48275010353995
2018-03-16,GMRINFRA,EQ,18.45,18.6,18.75,17.7,18.05,17.95,18.1,39638989,717402332.3,17704,10344703,26.1,-2.7100271002710064,Negative,16.77667087363458,18.078571428571415,19.38047198350825
2018-03-19,GMRINFRA,EQ,17.95,18.2,18.3,17.45,17.6,17.6,17.8,32078964,570998211.95,20724,6314280,19.68,-1.9498607242339756,Negative,16.779656470362617,17.974999999999987,19.170343529637357
2018-03-20,GMRINFRA,EQ,17.6,17.55,18.0,17.35,17.85,17.8,17.81,21469293,382326091.5,13372,3491889,16.26,1.1363636363636245,Positive,16.796455514266306,17.907142857142844,19.017830200019382
2018-03-21,GMRINFRA,EQ,17.8,17.95,18.15,17.75,17.95,17.95,17.95,19977742,358593796.2,10655,3576433,17.9,0.8426966292134797,Slight positive,16.898920595736495,17.83571428571427,18.772507975692047
2018-03-22,GMRINFRA,EQ,17.95,17.95,18.1,17.3,17.5,17.5,17.61,27826430,489958781.45,13175,5336383,19.18,-2.506963788300831,Negative,16.91694403190336,17.757142857142846,18.597341682382332
2018-03-23,GMRINFRA,EQ,17.5,17.0,17.15,16.3,16.6,16.7,16.69,43483709,725821181.55,20425,9939710,22.86,-4.571428571428571,Among top losers,16.741170918020007,17.62499999999999,18.50882908197997
2018-03-26,GMRINFRA,EQ,16.7,16.85,17.1,16.5,17.0,17.0,16.79,34536640,579967177.75,16018,6292656,18.22,1.7964071856287456,Positive,16.639186990220335,17.553571428571416,18.467955866922498
2018-03-27,GMRINFRA,EQ,17.0,17.25,17.7,17.15,17.65,17.55,17.39,26458501,460227727.2,10598,7516358,28.41,3.235294117647069,Among top gainers,16.66095443171759,17.567857142857132,18.474759853996673
2018-03-28,GMRINFRA,EQ,17.55,17.45,17.6,16.7,16.95,16.85,17.06,66083753,1127470727.35,18525,20729130,31.37,-3.988603988603989,Among top losers,16.55187041239405,17.532142857142848,18.512415301891647
2018-04-02,GMRINFRA,EQ,16.85,17.25,17.5,17.05,17.45,17.45,17.28,17923895,309765037.2,9209,2786508,15.55,3.5608308605341144,Among top gainers,16.606954905810657,17.557142857142846,18.507330808475036
2018-04-03,GMRINFRA,EQ,17.45,17.25,18.7,17.2,18.6,18.55,17.97,40334764,724766462.05,18527,8491815,21.05,6.303724928366772,Among top gainers,16.551258682176865,17.635714285714275,18.720169889251686
2018-04-04,GMRINFRA,EQ,18.55,18.55,19.25,18.1,18.4,18.25,18.59,52159069,969825852.4,22718,7622937,14.61,-1.6172506738544534,Negative,16.55473202275848,17.685714285714276,18.816696548670073
2018-04-05,GMRINFRA,EQ,18.25,18.8,19.1,18.65,18.8,18.85,18.85,29043547,547351537.7,15221,4440738,15.29,3.287671232876721,Among top gainers,16.461926701073832,17.746428571428563,19.030930441783294
2018-04-06,GMRINFRA,EQ,18.85,18.8,20.25,18.6,20.05,20.1,19.72,115627842,2279864591.75,49794,19274166,16.67,6.6312997347480085,Among top gainers,16.091661162329608,17.864285714285707,19.636910266241806
2018-04-09,GMRINFRA,EQ,20.1,20.0,21.0,19.9,20.55,20.65,20.61,66767420,1375790607.4,30509,14477425,21.68,2.7363184079601814,Positive,15.74036221852548,18.05714285714285,20.37392349576022
2018-04-10,GMRINFRA,EQ,20.65,20.85,21.0,20.25,20.9,20.8,20.63,51687785,1066107991.9,19730,6219516,12.03,0.7263922518159882,Slight positive,15.56671317630538,18.28571428571428,21.004715395123185
2018-04-11,GMRINFRA,EQ,20.8,21.0,21.4,20.55,20.7,20.75,20.91,65750851,1375015334.8,33661,7730482,11.76,-0.2403846153846145,Slight or No change,15.496822370168605,18.496428571428563,21.49603477268852
2018-04-12,GMRINFRA,EQ,20.75,20.7,20.95,19.65,19.75,19.75,20.17,69286421,1397784805.25,38110,15547202,22.44,-4.81927710843374,Among top losers,15.572447474149412,18.624999999999993,21.677552525850576
2018-04-13,GMRINFRA,EQ,19.75,19.85,20.35,19.7,20.25,20.2,20.11,45176024,908456356.4,26869,7260373,16.07,2.2784810126582182,Positive,15.730511471134713,18.817857142857132,21.905202814579553
2018-04-16,GMRINFRA,EQ,20.2,20.05,20.5,19.75,20.15,20.25,20.21,34088167,688894558.55,15848,7932905,23.27,0.2475247524752477,Slight or No change,16.154972796740015,19.071428571428562,21.98788434611711
2018-04-17,GMRINFRA,EQ,20.25,20.15,20.35,19.9,20.0,20.05,20.08,21440166,430422768.85,11027,3679232,17.16,-0.9876543209876519,Slight negative,16.591942699269033,19.289285714285707,21.98662872930238
2018-04-18,GMRINFRA,EQ,20.05,20.05,20.2,19.6,19.8,19.7,19.87,21487532,426996305.8,11187,4537474,21.12,-1.7456359102244412,Negative,16.933840436024603,19.442857142857132,21.95187384968966
2018-04-19,GMRINFRA,EQ,19.7,19.85,20.15,19.55,20.0,19.95,19.8,20655211,408970410.0,8993,3675881,17.8,1.2690355329949332,Positive,17.640797267443116,19.664285714285704,21.687774161128292
2018-04-20,GMRINFRA,EQ,19.95,19.8,19.9,19.3,19.55,19.5,19.56,23081796,451450117.2,11104,3235699,14.02,-2.2556390977443552,Negative,18.229002179541624,19.810714285714276,21.39242639188693
2018-04-23,GMRINFRA,EQ,19.5,19.5,20.05,19.35,19.7,19.65,19.7,23490369,462865717.4,10828,5855760,24.93,0.7692307692307665,Slight positive,18.477152264812588,19.889285714285702,21.301419163758816
2018-04-24,GMRINFRA,EQ,19.65,19.75,21.05,19.45,20.95,20.95,20.53,64852154,1331092450.3,34632,12634939,19.48,6.615776081424941,Among top gainers,18.91885365911781,20.082142857142845,21.24543205516788
2018-04-25,GMRINFRA,EQ,20.95,21.05,21.25,20.1,20.15,20.35,20.56,48634973,999849423.9,22908,12692017,26.1,-2.863961813842475,Negative,19.262605476158093,20.1892857142857,21.115965952413305
2018-04-26,GMRINFRA,EQ,20.35,20.15,20.5,19.65,20.4,20.3,20.09,39870886,801017296.45,18801,7181677,18.01,-0.2457002457002533,Slight or No change,19.276654051360374,20.203571428571415,21.130488805782456
2018-04-27,GMRINFRA,EQ,20.3,20.45,20.6,20.05,20.3,20.35,20.34,24967571,507798183.75,11294,3635345,14.56,0.2463054187192171,Slight or No change,19.286334547585216,20.182142857142846,21.077951166700476
2018-04-30,GMRINFRA,EQ,20.35,20.5,20.7,20.15,20.5,20.5,20.42,20175635,412005160.8,11116,4582058,22.71,0.7371007371007376,Slight positive,19.315657554411075,20.160714285714274,21.005771017017473
2018-05-02,GMRINFRA,EQ,20.5,20.45,20.95,19.8,20.05,20.0,20.4,27348566,557913783.4,12998,4771856,17.45,-2.4390243902439046,Negative,19.330704100474225,20.107142857142843,20.88358161381146
2018-05-03,GMRINFRA,EQ,20.0,20.15,20.2,19.5,19.75,19.9,19.84,22724174,450834949.7,12288,2241651,9.86,-0.5000000000000115,Slight negative,19.358700583695153,20.11785714285713,20.877013702019106
2018-05-04,GMRINFRA,EQ,19.9,19.85,20.05,19.55,19.7,19.65,19.79,13679180,270743160.3,6820,2701760,19.75,-1.2562814070351758,Negative,19.281737032385468,20.078571428571415,20.87540582475736
2018-05-07,GMRINFRA,EQ,19.65,19.8,20.0,19.55,19.7,19.65,19.72,11178894,220397131.65,5906,3125744,27.96,0.0,Slight or No change,19.21443145105531,20.03571428571427,20.85699712037323
2018-05-08,GMRINFRA,EQ,19.65,19.75,20.05,19.55,19.9,19.9,19.79,18253839,361328106.8,7521,3438665,18.84,1.2722646310432628,Positive,19.200612115193717,20.02499999999998,20.849387884806244
2018-05-09,GMRINFRA,EQ,19.9,19.75,19.9,19.45,19.5,19.5,19.67,8683246,170781330.6,6488,2191901,25.24,-2.010050251256279,Negative,19.15570320038033,20.01071428571427,20.865725371048207
2018-05-10,GMRINFRA,EQ,19.5,19.6,19.65,18.5,18.7,18.75,18.95,18687267,354165181.0,11843,4540940,24.3,-3.846153846153844,Among top losers,18.835363504508184,19.924999999999983,21.014636495491782
2018-05-11,GMRINFRA,EQ,18.75,18.65,18.85,18.35,18.7,18.65,18.6,18087595,336369091.15,10683,3318013,18.34,-0.5333333333333412,Slight negative,18.59304853891522,19.864285714285696,21.135522889656173
2018-05-14,GMRINFRA,EQ,18.65,18.65,18.8,17.85,18.05,18.1,18.18,16844404,306196906.05,10322,2342673,13.91,-2.949061662198371,Negative,18.1702621941298,19.753571428571412,21.336880663013023
2018-05-15,GMRINFRA,EQ,18.1,18.05,18.85,17.6,17.85,17.9,18.21,27428884,499355036.75,11736,4038463,14.72,-1.1049723756906271,Negative,17.82717078930547,19.53571428571427,21.24425778212307
2018-05-16,GMRINFRA,EQ,17.9,17.6,18.5,17.4,18.3,18.25,18.1,21107974,382009357.0,9360,3534500,16.74,1.9553072625698495,Positive,17.617434560440827,19.38571428571427,21.15399401098771
2018-05-17,GMRINFRA,EQ,18.25,18.4,18.7,17.9,18.45,18.5,18.38,17632176,324131768.75,9966,2776000,15.74,1.3698630136986356,Positive,17.513646307166287,19.25714285714284,21.00063940711939
2018-05-18,GMRINFRA,EQ,18.5,18.65,18.65,17.2,17.35,17.35,17.71,36297441,642830598.55,16813,10253907,28.25,-6.216216216216209,Among top losers,17.14717088885139,19.042857142857123,20.938543396862855
2018-05-21,GMRINFRA,EQ,17.35,17.4,17.65,16.85,17.05,17.0,17.18,20494127,352022465.15,13176,3432392,16.75,-2.0172910662824344,Negative,16.804097520588826,18.792857142857123,20.78161676512542
2018-05-22,GMRINFRA,EQ,17.0,17.0,17.55,16.4,17.25,17.35,17.07,28521104,486913052.2,20584,3342621,11.72,2.05882352941178,Positive,16.605316695555153,18.60357142857141,20.601826161587667
2018-05-23,GMRINFRA,EQ,17.35,17.3,17.45,16.85,17.0,16.95,17.14,18208166,312059498.1,10169,3554140,19.52,-2.3054755043227737,Negative,16.361617603577244,18.392857142857128,20.424096682137012
2018-05-24,GMRINFRA,EQ,16.95,17.1,17.45,16.8,17.2,17.2,17.16,19862039,340805569.5,8636,3911642,19.69,1.474926253687325,Positive,16.231516424211573,18.217857142857124,20.204197861502674
2018-05-25,GMRINFRA,EQ,17.2,17.4,18.05,17.25,18.0,17.9,17.73,26252295,465554156.6,11717,4774058,18.19,4.06976744186045,Among top gainers,16.282265593599913,18.092857142857124,19.903448692114335
2018-05-28,GMRINFRA,EQ,17.9,18.1,18.75,18.0,18.3,18.4,18.38,25208689,463374476.45,12454,3647198,14.47,2.793296089385477,Positive,16.484725600558086,17.98571428571427,19.486702970870454
2018-05-29,GMRINFRA,EQ,18.4,18.4,18.6,17.9,18.15,18.2,18.24,20105048,366815703.7,8889,1925227,9.58,-1.0869565217391242,Negative,16.65819297621283,17.892857142857128,19.127521309501425
2018-05-30,GMRINFRA,EQ,18.2,18.1,18.7,18.0,18.25,18.25,18.32,23175343,424606484.65,10781,3033105,13.09,0.2747252747252737,Slight or No change,16.702981727972492,17.85714285714284,19.011303986313187
2018-05-31,GMRINFRA,EQ,18.25,18.25,18.4,17.5,17.85,18.15,18.05,67818479,1223955503.55,20740,20993940,30.96,-0.5479452054794609,Slight negative,16.74459969014783,17.82142857142855,18.898257452709274
2018-06-01,GMRINFRA,EQ,18.15,17.9,17.9,14.55,16.65,16.75,16.11,154933751,2495554107.05,64665,26784043,17.29,-7.713498622589522,Bull run,16.521319746009745,17.724999999999984,18.928680253990223
2018-06-04,GMRINFRA,EQ,16.75,16.5,17.3,16.1,16.5,16.35,16.61,41194550,684074902.5,18546,9192485,22.31,-2.3880597014925287,Negative,16.21130615336847,17.614285714285696,19.017265275202924
2018-06-05,GMRINFRA,EQ,16.35,16.35,16.45,15.05,15.95,15.9,15.94,53840135,858074649.85,21159,16665311,30.95,-2.7522935779816566,Negative,15.825666981351848,17.446428571428555,19.067190161505263
2018-06-06,GMRINFRA,EQ,15.9,16.0,16.5,15.7,16.2,16.25,16.1,28252887,454806490.2,13502,4379769,15.5,2.2012578616352085,Positive,15.66877102928709,17.28571428571427,18.90265754214145
2018-06-07,GMRINFRA,EQ,16.25,16.5,17.25,16.45,16.8,16.85,16.82,45500467,765247885.95,20288,6978935,15.34,3.692307692307706,Among top gainers,15.617163864267532,17.249999999999986,18.88283613573244
2018-06-08,GMRINFRA,EQ,16.85,16.75,16.75,16.1,16.3,16.35,16.39,24778418,406118560.25,14217,5832648,23.54,-2.9673590504451064,Negative,15.504492815949863,17.203571428571415,18.902650041192967
2018-06-11,GMRINFRA,EQ,16.35,16.4,16.55,16.1,16.2,16.25,16.29,21309277,347086011.45,9990,4647657,21.81,-0.6116207951070374,Slight negative,15.354841380423371,17.124999999999986,18.8951586195766
2018-06-12,GMRINFRA,EQ,16.25,16.5,16.75,16.3,16.55,16.55,16.52,24086708,398009975.95,17526,3611242,14.99,1.846153846153853,Positive,15.301365133203436,17.096428571428557,18.89149200965368
2018-06-13,GMRINFRA,EQ,16.55,16.6,16.65,16.1,16.3,16.25,16.32,22024014,359495163.55,9919,5230939,23.75,-1.8126888217522732,Negative,15.179366075031608,17.028571428571414,18.877776782111223
2018-06-14,GMRINFRA,EQ,16.25,16.25,16.35,16.05,16.15,16.1,16.16,11577091,187085140.9,6355,2108262,18.21,-0.9230769230769154,Slight negative,15.061522368915004,16.899999999999984,18.738477631084965
2018-06-15,GMRINFRA,EQ,16.1,16.15,16.2,15.65,15.8,15.9,15.92,17632149,280623175.35,10931,3782056,21.45,-1.2422360248447228,Negative,15.030860034509153,16.721428571428557,18.41199710834796
2018-06-18,GMRINFRA,EQ,15.9,15.85,16.25,15.6,15.85,15.9,15.89,22287012,354075780.15,11576,5317514,23.86,0.0,Slight or No change,15.04826801253076,16.557142857142843,18.066017701754923
2018-06-19,GMRINFRA,EQ,15.9,15.7,15.85,15.4,15.6,15.55,15.58,30141737,469691843.35,12462,9949240,33.01,-2.20125786163522,Negative,15.12057626798684,16.364285714285703,17.607995160584565
2018-06-20,GMRINFRA,EQ,15.55,15.6,16.05,15.55,15.7,15.75,15.76,18575115,292705128.0,9178,5131119,27.62,1.2861736334405016,Positive,15.447763299663754,16.19285714285713,16.937950986050502
2018-06-21,GMRINFRA,EQ,15.75,15.9,16.1,15.65,15.95,15.95,15.85,16716693,264907178.9,7827,3658139,21.88,1.269841269841265,Positive,15.454732447677381,16.135714285714272,16.81669612375116
2018-06-22,GMRINFRA,EQ,15.95,16.0,16.25,15.85,15.95,16.0,16.05,16050020,257562638.15,9592,3869622,24.11,0.3134796238244641,Slight or No change,15.437971825643366,16.110714285714273,16.78345674578518
2018-06-25,GMRINFRA,EQ,16.0,15.95,16.25,15.7,15.95,15.95,15.97,22910606,365914884.95,8251,5487448,23.95,-0.31250000000000444,Slight or No change,15.445844851671044,16.1142857142857,16.782726576900355
2018-06-26,GMRINFRA,EQ,15.95,15.95,16.7,15.85,15.85,16.25,16.38,57191867,936597191.95,22389,10930000,19.11,1.8808777429467185,Positive,15.445844851671044,16.1142857142857,16.782726576900355
2018-06-27,GMRINFRA,EQ,16.25,16.0,16.1,15.4,15.5,15.6,15.77,37633607,593537419.55,14717,8820668,23.44,-4.000000000000004,Among top losers,15.452891887570583,16.024999999999984,16.597108112429385
2018-06-28,GMRINFRA,EQ,15.6,15.5,15.8,15.05,15.2,15.25,15.36,91941053,1411825627.15,22783,38465005,41.84,-2.2435897435897467,Negative,15.273359497691084,15.946428571428557,16.619497645166028
2018-06-29,GMRINFRA,EQ,15.25,15.5,15.7,15.15,15.4,15.3,15.34,28240543,433069619.0,12593,7931625,28.09,0.3278688524590123,Slight or No change,15.148224529210271,15.878571428571416,16.60891832793256
2018-07-02,GMRINFRA,EQ,15.3,15.4,16.0,15.15,15.7,15.8,15.6,36693089,572278514.45,21476,9149062,24.93,3.2679738562091614,Among top gainers,15.205136491451038,15.824999999999987,16.444863508548938
2018-07-03,GMRINFRA,EQ,15.8,15.75,16.1,15.5,15.95,16.0,15.83,32351704,512038473.85,16912,7365482,22.77,1.2658227848101111,Positive,15.22688145337456,15.807142857142845,16.38740426091113
2018-07-04,GMRINFRA,EQ,16.0,16.0,16.6,15.95,16.5,16.5,16.26,28704974,466839833.25,17708,6779556,23.62,3.125,Among top gainers,15.161544059061287,15.835714285714273,16.509884512367258
2018-07-05,GMRINFRA,EQ,16.5,16.5,16.6,15.95,16.1,16.05,16.19,17596783,284869469.6,6944,4210213,23.93,-2.727272727272722,Negative,15.163151078847415,15.846428571428559,16.5297060640097
2018-07-06,GMRINFRA,EQ,16.05,16.15,16.4,16.0,16.3,16.25,16.27,17497591,284641915.3,12738,2189777,12.51,1.2461059190031154,Positive,15.154904605739736,15.871428571428558,16.58795253711738
2018-07-09,GMRINFRA,EQ,16.25,16.35,16.5,16.15,16.4,16.3,16.36,21127173,345590865.45,28342,6154935,29.13,0.3076923076923199,Slight or No change,15.199900537326712,15.924999999999986,16.65009946267326
2018-07-10,GMRINFRA,EQ,16.3,16.35,17.15,16.35,17.1,17.05,16.8,42613445,715845994.75,28263,14927836,35.03,4.601226993865026,Among top gainers,15.08585586945338,16.01785714285713,16.94985841626088
2018-07-11,GMRINFRA,EQ,17.05,17.05,17.45,16.75,17.05,17.05,17.16,40824537,700347931.65,37493,12217139,29.93,0.0,Slight or No change,15.015499992193822,16.09642857142856,17.177357150663298
2018-07-12,GMRINFRA,EQ,17.05,17.35,18.75,17.1,18.05,18.0,18.07,76809684,1387724860.55,52598,18467762,24.04,5.5718475073313725,Among top gainers,14.758548594611097,16.239285714285703,17.72002283396031
2018-07-13,GMRINFRA,EQ,18.0,18.2,18.25,17.35,17.85,17.8,17.69,46484856,822154898.25,31924,11677323,25.12,-1.1111111111111072,Negative,14.685872609409287,16.371428571428563,18.05698453344784
2018-07-16,GMRINFRA,EQ,17.8,17.8,18.1,17.4,17.45,17.55,17.78,38774298,689316814.45,24445,16989638,43.82,-1.4044943820224698,Negative,14.667952452662737,16.464285714285705,18.260618975908674
2018-07-17,GMRINFRA,EQ,17.55,17.55,18.3,17.45,18.15,18.2,18.02,28710041,517347615.65,30782,8148399,28.38,3.7037037037036984,Among top gainers,14.706965101861401,16.64999999999999,18.59303489813858
2018-07-18,GMRINFRA,EQ,18.2,18.3,18.4,17.65,18.0,18.0,18.01,44093411,793973472.2,38546,10335422,23.44,-1.098901098901095,Negative,14.957813170700307,16.846428571428564,18.73504397215682
2018-07-19,GMRINFRA,EQ,18.0,18.05,18.3,17.7,18.0,18.0,18.02,35286322,635933729.4,23987,8074282,22.88,0.0,Slight or No change,15.28421456892591,17.039285714285704,18.794356859645497
2018-07-20,GMRINFRA,EQ,18.0,18.05,18.25,17.8,17.85,17.85,17.99,44841997,806888291.1,14797,30393278,67.78,-0.8333333333333304,Slight negative,15.537205135729895,17.185714285714276,18.834223435698657
2018-07-23,GMRINFRA,EQ,17.85,17.85,18.45,17.8,18.25,18.3,18.11,72466833,1312436975.9,23029,43555018,60.1,2.521008403361336,Positive,15.752887220397676,17.34999999999999,18.947112779602307
2018-07-24,GMRINFRA,EQ,18.3,18.4,19.5,18.1,18.7,18.7,18.66,66494233,1240512847.0,33926,21570105,32.44,2.1857923497267784,Positive,15.838953076914907,17.507142857142846,19.175332637370783
2018-07-25,GMRINFRA,EQ,18.7,18.7,18.75,18.0,18.15,18.1,18.4,20592593,378833478.3,16595,4565759,22.17,-3.2085561497326114,Among top losers,16.18887703371307,17.653571428571418,19.118265823429766
2018-07-26,GMRINFRA,EQ,18.1,18.1,18.55,17.7,17.85,17.85,18.06,35892530,648385020.8,30250,8425541,23.47,-1.3812154696132617,Negative,16.545245094912243,17.767857142857135,18.990469190802028
2018-07-27,GMRINFRA,EQ,17.85,17.85,18.35,17.85,18.0,18.0,18.02,19920494,358968996.5,14409,7154443,35.91,0.8403361344537785,Slight positive,17.003345473699532,17.889285714285705,18.77522595487188
2018-07-30,GMRINFRA,EQ,18.0,18.0,18.2,17.9,18.05,18.0,18.03,23439187,422630672.35,16656,8654786,36.92,0.0,Slight or No change,17.214116671811748,17.95714285714285,18.70016904247395
2018-07-31,GMRINFRA,EQ,18.0,18.05,18.15,17.3,17.8,17.75,17.81,26436578,470787075.0,13893,7704466,29.14,-1.388888888888884,Negative,17.45821783373942,18.007142857142846,18.556067880546273
2018-08-01,GMRINFRA,EQ,17.75,17.9,18.25,17.7,18.0,18.0,17.92,25357253,454426719.45,15091,9520728,37.55,1.4084507042253502,Positive,17.45821783373942,18.007142857142846,18.556067880546273
2018-08-02,GMRINFRA,EQ,18.0,18.0,18.55,17.85,18.25,18.25,18.18,29704134,540035063.25,12617,6362020,21.42,1.388888888888884,Positive,17.489910444717665,18.039285714285704,18.588660983853742
2018-08-03,GMRINFRA,EQ,18.25,18.3,18.5,17.75,17.95,17.95,18.13,31528688,571762560.5,25909,6657469,21.12,-1.6438356164383603,Negative,17.591319723457897,18.06785714285713,18.54439456225636
2018-08-06,GMRINFRA,EQ,17.95,18.05,18.2,17.9,18.05,18.0,18.01,9552041,172010241.2,8150,3820867,40.0,0.278551532033422,Slight or No change,17.58213453220827,18.053571428571416,18.525008324934564
2018-08-07,GMRINFRA,EQ,18.0,18.05,18.15,17.55,17.95,17.95,17.87,18829364,336459343.25,13484,6231809,33.1,-0.2777777777777768,Slight or No change,17.57606394459256,18.049999999999986,18.523936055407415
2018-08-08,GMRINFRA,EQ,17.95,18.0,18.1,17.75,17.9,17.85,17.9,9762026,174779308.2,5407,2331977,23.89,-0.557103064066844,Slight negative,17.553838146922235,18.039285714285704,18.524733281649173
2018-08-09,GMRINFRA,EQ,17.85,17.9,18.95,17.8,18.65,18.6,18.38,49022365,901220933.8,19233,15276222,31.16,4.201680672268915,Among top gainers,17.536969574179118,18.092857142857135,18.64874471153515
2018-08-10,GMRINFRA,EQ,18.6,18.6,18.75,17.75,17.85,17.9,18.06,29922715,540528325.2,14310,8174476,27.32,-3.7634408602150726,Among top losers,17.51316298409212,18.064285714285706,18.615408444479293
2018-08-13,GMRINFRA,EQ,17.9,17.75,17.95,17.5,17.85,17.75,17.79,14139447,251488061.65,6657,4092191,28.94,-0.8379888268156388,Slight negative,17.560601707932488,17.996428571428563,18.432255434924638
2018-08-14,GMRINFRA,EQ,17.75,17.8,17.95,17.75,17.75,17.85,17.86,13591781,242746979.4,6959,4020741,29.58,0.5633802816901401,Slight positive,17.540543881643256,17.97857142857142,18.416598975499586
2018-08-16,GMRINFRA,EQ,17.85,17.55,18.3,17.25,17.55,17.65,17.84,36180461,645300802.2,17375,9666733,26.72,-1.1204481792717271,Negative,17.496182222394594,17.964285714285708,18.432389206176822
2018-08-17,GMRINFRA,EQ,17.65,17.75,19.35,17.75,19.2,19.1,18.81,99608947,1873337857.75,47452,14825345,14.88,8.215297450424952,Bear drop,17.275386629410036,18.042857142857137,18.81032765630424
2018-08-20,GMRINFRA,EQ,19.1,19.2,20.4,19.1,20.05,20.05,19.78,63737312,1260823901.2,37153,8497805,13.33,4.9738219895287825,Among top gainers,16.871841468535965,18.18928571428571,19.506729960035454
2018-08-21,GMRINFRA,EQ,20.05,20.15,20.25,19.5,19.7,19.75,19.82,28786086,570649146.3,34207,4328857,15.04,-1.4962593516209544,Negative,16.803137578258276,18.332142857142852,19.861148136027428
2018-08-23,GMRINFRA,EQ,19.75,19.7,20.1,19.3,19.5,19.45,19.57,15359561,300622682.45,23076,2178590,14.18,-1.51898734177216,Negative,16.81023041861576,18.43571428571428,20.0611981528128
2018-08-24,GMRINFRA,EQ,19.45,19.5,19.6,18.9,19.1,19.15,19.16,17910593,343235412.75,21438,3144022,17.55,-1.5424164524421635,Negative,16.835437225344442,18.499999999999993,20.164562774655543
2018-08-27,GMRINFRA,EQ,19.15,19.2,19.4,18.85,19.3,19.2,19.16,14094428,270074246.0,7049,2699987,19.16,0.2610966057441377,Slight or No change,16.917723307697,18.589285714285705,20.26084812087441
2018-08-28,GMRINFRA,EQ,19.2,19.15,19.4,18.6,19.05,19.05,19.01,35530486,675264178.05,14501,14447441,40.66,-0.7812499999999889,Slight negative,17.01251343931818,18.664285714285707,20.316057989253235
2018-08-29,GMRINFRA,EQ,19.05,19.0,20.0,18.9,19.95,19.75,19.44,46911503,912167493.5,18597,21710300,46.28,3.674540682414684,Among top gainers,17.10085916920088,18.792857142857137,20.484855116513394
2018-08-30,GMRINFRA,EQ,19.75,19.9,20.25,19.55,20.0,20.0,20.0,35917262,718403881.9,15608,9173914,25.54,1.265822784810133,Positive,17.232923712638065,18.946428571428562,20.65993343021906
2018-08-31,GMRINFRA,EQ,20.0,20.0,21.25,19.75,21.0,21.1,20.58,57083989,1175060301.35,26400,9797441,17.16,5.500000000000017,Among top gainers,17.078332915727156,19.124999999999993,21.17166708427283
2018-09-03,GMRINFRA,EQ,21.1,21.05,21.5,20.05,20.1,20.25,20.89,42973913,897542712.95,22451,5276046,12.28,-4.028436018957349,Among top losers,17.294066299580994,19.292857142857137,21.29164798613328
2018-09-04,GMRINFRA,EQ,20.25,20.1,20.35,19.05,19.35,19.25,19.59,31379534,614738007.1,18625,3560480,11.35,-4.938271604938271,Among top losers,17.607279677739474,19.399999999999995,21.192720322260516
2018-09-05,GMRINFRA,EQ,19.25,19.4,19.7,18.8,19.5,19.55,19.32,33904665,655032680.1,16191,3035704,8.95,1.5584415584415592,Positive,17.966429543126075,19.521428571428565,21.076427599731055
2018-09-06,GMRINFRA,EQ,19.55,19.5,19.75,19.1,19.15,19.25,19.35,15220670,294509548.35,12175,2009158,13.2,-1.534526854219953,Negative,18.492554984998545,19.63571428571428,20.778873586430013
2018-09-07,GMRINFRA,EQ,19.25,19.2,19.6,18.9,19.25,19.35,19.25,15742882,303059030.8,7299,1532860,9.74,0.5194805194805197,Slight positive,18.539007501624003,19.65357142857142,20.76813535551884
2018-09-10,GMRINFRA,EQ,19.35,19.25,19.45,18.55,18.6,18.65,18.95,17712387,335652900.45,8695,2520010,14.23,-3.617571059431535,Among top losers,18.344971293822965,19.55357142857142,20.762171563319875
2018-09-11,GMRINFRA,EQ,18.65,18.65,18.95,18.0,18.1,18.05,18.45,14728984,271806994.65,11055,2771616,18.82,-3.2171581769436908,Among top losers,17.989598554206623,19.43214285714285,20.874687160079077
2018-09-12,GMRINFRA,EQ,18.05,18.1,18.2,17.4,17.95,18.0,17.81,19264039,343119726.1,10611,2388339,12.4,-0.27700831024931594,Slight or No change,17.695869898678712,19.328571428571422,20.961272958464132
2018-09-14,GMRINFRA,EQ,18.0,18.0,18.55,18.0,18.5,18.5,18.37,10736829,197287820.25,6453,1572685,14.65,2.777777777777768,Positive,17.591623072326108,19.28214285714285,20.972662641959595
2018-09-17,GMRINFRA,EQ,18.5,18.5,19.05,18.15,18.4,18.45,18.57,14288025,265292777.95,8655,2317551,16.22,-0.2702702702702786,Slight or No change,17.48029126896221,19.228571428571424,20.97685158818064
2018-09-18,GMRINFRA,EQ,18.45,18.5,18.7,17.6,17.9,17.7,18.08,16301502,294722309.05,9100,2420945,14.85,-4.065040650406504,Among top losers,17.201974613038423,19.13214285714285,21.062311101247275
2018-09-19,GMRINFRA,EQ,17.7,17.9,18.15,17.6,17.7,17.75,17.83,15544954,277165231.1,7242,3133047,20.15,0.28248587570622874,Slight or No change,16.962473677374845,18.989285714285707,21.01609775119657
2018-09-21,GMRINFRA,EQ,17.75,17.8,17.95,15.1,16.35,16.2,16.44,50693970,833177722.25,19974,15243405,30.07,-8.732394366197184,Bull run,16.295014837802064,18.717857142857135,21.140699447912205
2018-09-24,GMRINFRA,EQ,16.2,16.75,17.6,16.05,16.7,16.7,16.86,52152659,879331772.1,28014,16443833,31.53,3.0864197530864117,Among top gainers,16.178378511882336,18.403571428571418,20.6287643452605
2018-09-25,GMRINFRA,EQ,16.7,16.8,17.35,16.35,16.8,16.85,16.84,50141249,844453587.7,21209,13175954,26.28,0.8982035928143839,Slight positive,16.065232490030116,18.160714285714278,20.25619608139844
2018-09-26,GMRINFRA,EQ,16.85,17.0,17.65,16.75,17.5,17.55,17.1,57740082,987516270.95,16502,33041700,57.22,4.154302670623133,Among top gainers,16.020078493072994,18.039285714285707,20.05849293549842
2018-09-27,GMRINFRA,EQ,17.55,17.4,17.5,16.65,16.85,16.8,17.0,31565495,536529650.9,13101,5905266,18.71,-4.273504273504268,Among top losers,15.92418085923906,17.842857142857135,19.761533426475207
2018-09-28,GMRINFRA,EQ,16.8,17.0,17.05,15.8,16.0,16.2,16.42,48901093,802919800.6,26892,17684530,36.16,-3.571428571428581,Among top losers,15.70196153884621,17.624999999999993,19.548038461153777
2018-10-01,GMRINFRA,EQ,16.2,16.15,17.2,15.25,17.0,17.05,16.39,45594193,747231035.6,24100,15512556,34.02,5.246913580246916,Among top gainers,15.796993445859577,17.46071428571428,19.12443512556898
2018-10-03,GMRINFRA,EQ,17.05,17.0,17.55,16.3,16.55,16.7,16.97,35690004,605718853.95,15095,4149677,11.63,-2.052785923753675,Negative,15.76346427554353,17.321428571428566,18.8793928673136
2018-10-04,GMRINFRA,EQ,16.7,16.35,16.85,15.95,16.15,16.25,16.44,50528710,830498540.1,17375,15846273,31.36,-2.6946107784431077,Negative,15.59725880181579,17.192857142857132,18.788455483898474
2018-10-05,GMRINFRA,EQ,16.25,16.25,16.65,15.75,15.75,15.95,16.14,27086960,437170444.05,11915,7571513,27.95,-1.846153846153853,Negative,15.394639664392795,17.04642857142856,18.698217478464326
2018-10-08,GMRINFRA,EQ,15.95,16.1,16.35,15.25,16.0,15.75,15.79,43062873,680154009.95,22013,10467344,24.31,-1.253918495297801,Negative,15.291401023601447,16.84999999999999,18.408598976398537
2018-10-09,GMRINFRA,EQ,15.75,15.95,16.2,15.5,15.65,15.7,15.82,22345808,353465950.85,10459,2441993,10.93,-0.31746031746032743,Slight or No change,15.281619262039154,16.653571428571418,18.02552359510368
2018-10-10,GMRINFRA,EQ,15.7,15.8,16.55,15.75,16.45,16.4,16.17,25369650,410168770.05,9757,3788261,14.93,4.458598726114649,Among top gainers,15.324604649408961,16.560714285714276,17.79682392201959
2018-10-11,GMRINFRA,EQ,16.4,15.95,16.5,15.75,15.9,15.85,16.04,25160028,403474060.45,11678,4497151,17.87,-3.3536585365853577,Among top losers,15.343868114499436,16.42499999999999,17.506131885500544
2018-10-12,GMRINFRA,EQ,15.85,15.95,16.85,15.95,16.5,16.6,16.56,26687874,441891494.5,12130,6223491,23.32,4.7318611987381844,Among top gainers,15.376921149151192,16.45357142857142,17.530221707991647
2018-10-15,GMRINFRA,EQ,16.6,16.55,16.7,16.25,16.65,16.6,16.55,12084768,199993136.85,5006,900814,7.45,0.0,Slight or No change,15.37550927854606,16.446428571428562,17.517347864311066
2018-10-16,GMRINFRA,EQ,16.6,16.55,16.8,16.4,16.45,16.5,16.61,16365479,271841815.65,4959,7920949,48.4,-0.6024096385542244,Slight negative,15.375032348697957,16.421428571428564,17.46782479415917
2018-10-17,GMRINFRA,EQ,16.5,16.6,16.9,15.55,15.75,15.7,16.11,25969831,418329949.5,9989,5127258,19.74,-4.8484848484848575,Among top losers,15.401610642557955,16.289285714285704,17.176960786013453
2018-10-19,GMRINFRA,EQ,15.7,15.85,16.0,15.3,15.75,15.7,15.71,26992033,424177043.85,20143,5082831,18.83,0.0,Slight or No change,15.323039213986524,16.210714285714275,17.098389357442024
2018-10-22,GMRINFRA,EQ,15.7,15.95,16.1,15.6,15.85,15.85,15.88,30931918,491258790.6,19220,7261843,23.48,0.9554140127388644,Slight positive,15.277267960786624,16.185714285714276,17.09416061064193
2018-10-23,GMRINFRA,EQ,15.85,15.75,16.15,15.4,16.0,16.0,15.79,37753106,596071791.5,21338,10379729,27.49,0.9463722397476282,Slight positive,15.347947488578331,16.110714285714273,16.873481082850216
2018-10-24,GMRINFRA,EQ,16.0,16.15,16.2,15.8,16.0,15.95,15.98,14442353,230718361.0,5289,1351089,9.36,-0.31250000000000444,Slight or No change,15.371176786152969,16.057142857142846,16.743108928132724
2018-10-25,GMRINFRA,EQ,15.95,15.85,16.3,15.5,15.6,15.65,15.8,33158326,523877353.25,12715,8565619,25.83,-1.8808777429467072,Negative,15.305626556299549,16.014285714285702,16.722944872271857
2018-10-26,GMRINFRA,EQ,15.65,15.65,15.8,15.15,15.55,15.5,15.5,29213279,452750352.25,13860,4625268,15.83,-0.9584664536741228,Slight negative,15.221973703035035,15.982142857142847,16.742312011250657
2018-10-29,GMRINFRA,EQ,15.5,15.7,16.25,15.4,16.1,16.15,15.91,17866535,284284029.0,7926,3451868,19.32,4.193548387096756,Among top gainers,15.25809979513599,16.010714285714275,16.76332877629256
2018-10-30,GMRINFRA,EQ,16.15,16.2,16.65,16.05,16.45,16.45,16.41,20157795,330874615.45,7685,3534003,17.53,1.8575851393188847,Positive,15.300259364127479,16.064285714285706,16.828312064443935
2018-10-31,GMRINFRA,EQ,16.45,16.6,17.0,16.25,16.8,16.85,16.63,24681892,410573094.75,8792,3881346,15.73,2.4316109422492627,Positive,15.239363556648307,16.09642857142856,16.953493586208815
2018-11-01,GMRINFRA,EQ,16.85,16.85,17.2,16.7,17.1,17.05,17.04,19094399,325360564.15,8750,2515501,13.17,1.186943620178038,Positive,15.200302244308553,16.182142857142846,17.16398346997714
2018-11-02,GMRINFRA,EQ,17.05,17.2,17.75,16.8,17.0,16.95,17.27,37025749,639589764.85,11228,14921279,40.3,-0.5865102639296293,Slight negative,15.163585964103078,16.20714285714285,17.25069975018262
2018-11-05,GMRINFRA,EQ,16.95,16.95,17.25,16.55,16.9,16.95,16.78,26701453,448166126.25,8443,11590921,43.41,0.0,Slight or No change,15.132767410070192,16.232142857142847,17.331518304215503
2018-11-06,GMRINFRA,EQ,16.95,17.05,17.1,16.3,16.45,16.4,16.58,24594507,407723791.65,6683,14050749,57.13,-3.244837758112096,Among top losers,15.131839444546298,16.22499999999999,17.318160555453684
2018-11-07,GMRINFRA,EQ,16.4,16.6,16.65,16.5,16.65,16.6,16.61,922428,15323020.45,1992,527965,57.24,1.2195121951219745,Positive,15.223612527675867,16.289285714285704,17.354958900895543
2018-11-09,GMRINFRA,EQ,16.6,16.7,17.0,16.4,16.8,16.8,16.71,12749107,213007761.9,6028,2823267,22.14,1.2048192771084263,Positive,15.327437743060907,16.367857142857137,17.40827654265337
2018-11-12,GMRINFRA,EQ,16.8,16.9,16.95,16.1,16.15,16.15,16.42,25828956,424125053.85,8331,13910233,53.86,-3.869047619047628,Among top losers,15.383014171618305,16.38928571428571,17.39555725695311
2018-11-13,GMRINFRA,EQ,16.15,16.05,16.3,15.65,16.1,15.95,15.85,27891792,442213752.1,8124,15486595,55.52,-1.238390092879249,Negative,15.373155781096129,16.38571428571428,17.39827279033243
2018-11-14,GMRINFRA,EQ,15.95,16.1,16.45,15.9,16.15,16.2,16.17,16300772,263649471.7,6960,4591906,28.17,1.567398119122254,Positive,15.41559425216565,16.40357142857142,17.391548604977192
2018-11-15,GMRINFRA,EQ,16.2,16.2,16.3,15.75,16.15,16.15,16.01,12238245,195907053.8,6206,3272812,26.74,-0.3086419753086433,Slight or No change,15.536147108832944,16.439285714285706,17.34242431973847
2018-11-16,GMRINFRA,EQ,16.15,16.2,16.4,16.0,16.1,16.05,16.18,11952964,193341634.15,5958,3703947,30.99,-0.6191950464396134,Slight negative,15.714257472022384,16.47857142857142,17.242885385120456
2018-11-19,GMRINFRA,EQ,16.05,16.05,16.6,16.0,16.5,16.45,16.31,11356757,185255398.05,5385,5011213,44.13,2.492211838006231,Positive,15.7588989480303,16.499999999999993,17.241101051969686
2018-11-20,GMRINFRA,EQ,16.45,16.7,17.1,16.15,16.25,16.25,16.62,24709162,410719880.7,12544,8764282,35.47,-1.2158054711246202,Negative,15.732844318978318,16.485714285714277,17.238584252450238
2018-11-21,GMRINFRA,EQ,16.25,16.25,17.15,16.2,16.45,16.45,16.63,27752767,461558089.1,12945,10564748,38.07,1.2307692307692353,Positive,15.734054243723332,16.45714285714285,17.180231470562365
2018-11-22,GMRINFRA,EQ,16.45,16.65,16.75,16.05,16.05,16.1,16.29,21083695,343428957.3,11939,9628079,45.67,-2.1276595744680766,Negative,15.730407213254827,16.389285714285705,17.048164215316586
2018-11-26,GMRINFRA,EQ,16.1,16.15,16.25,15.75,16.15,16.15,16.0,20549708,328773871.2,10307,6018510,29.29,0.3105590062111529,Slight or No change,15.748247262079925,16.33214285714285,16.916038452205772
2018-11-27,GMRINFRA,EQ,16.15,16.15,16.45,15.95,16.4,16.4,16.25,17919934,291287183.2,8459,4697762,26.22,1.5479876160990669,Positive,15.82569361876565,16.292857142857137,16.760020666948627
2018-11-28,GMRINFRA,EQ,16.4,16.4,16.5,15.9,16.05,16.0,16.11,19549789,314917506.15,7347,4607896,23.57,-2.439024390243893,Negative,15.776861445724697,16.26428571428571,16.751709982846723
2018-11-29,GMRINFRA,EQ,16.0,16.15,16.3,15.85,15.95,16.0,16.03,25973292,416356517.8,9399,6652277,25.61,0.0,Slight or No change,15.756150679751626,16.221428571428564,16.686706463105505
2018-11-30,GMRINFRA,EQ,16.0,16.05,16.2,15.9,16.2,16.1,16.07,12399604,199234380.5,6443,4683360,37.77,0.6250000000000089,Slight positive,15.843933919178228,16.171428571428564,16.4989232236789
2018-12-03,GMRINFRA,EQ,16.1,16.2,16.55,16.0,16.4,16.4,16.26,13507202,219674903.75,5120,4391214,32.51,1.8633540372670727,Positive,15.840268255104926,16.189285714285706,16.538303173466485
2018-12-04,GMRINFRA,EQ,16.4,16.35,16.4,16.0,16.1,16.1,16.17,8037366,129998799.0,4299,1809285,22.51,-1.8292682926829065,Negative,15.874187406391846,16.199999999999992,16.525812593608137
2018-12-05,GMRINFRA,EQ,16.1,16.05,16.05,15.45,15.6,15.55,15.7,15765618,247539575.85,9245,5009968,31.78,-3.4161490683229823,Among top losers,15.67726466621343,16.15357142857142,16.629878190929414
2018-12-06,GMRINFRA,EQ,15.55,15.6,15.65,15.1,15.2,15.45,15.37,28591828,439448740.6,12388,9704347,33.94,-0.6430868167202619,Slight negative,15.49660636087278,16.10357142857142,16.71053649627006
2018-12-07,GMRINFRA,EQ,15.45,15.4,15.4,15.15,15.2,15.2,15.25,7977983,121674273.35,7219,1908708,23.92,-1.6181229773462813,Negative,15.26641838618861,16.042857142857134,16.819295899525656
2018-12-10,GMRINFRA,EQ,15.2,15.0,15.15,14.75,14.85,14.85,14.96,10499288,157089909.6,7632,4072030,38.78,-2.3026315789473677,Negative,14.962441730546143,15.92857142857142,16.894701126596697
2018-12-11,GMRINFRA,EQ,14.85,14.7,15.05,14.65,14.85,14.75,14.84,15530528,230443571.85,8314,4226022,27.21,-0.6734006734006703,Slight negative,14.690251998315304,15.821428571428564,16.952605144541824
2018-12-12,GMRINFRA,EQ,14.75,14.9,15.7,14.9,15.45,15.45,15.35,22295937,342336189.5,11435,5604058,25.13,4.745762711864399,Among top gainers,14.664430316165115,15.749999999999991,16.83556968383487
2018-12-13,GMRINFRA,EQ,15.45,15.5,15.65,15.35,15.5,15.5,15.5,14049952,217722162.55,9867,4311868,30.69,0.3236245954692629,Slight or No change,14.633789275098366,15.70714285714285,16.780496439187335
2018-12-14,GMRINFRA,EQ,15.5,15.4,15.8,15.3,15.7,15.75,15.62,11443829,178750493.2,5279,2997659,26.19,1.6129032258064502,Positive,14.635119844265265,15.67857142857142,16.722023012877575
2018-12-17,GMRINFRA,EQ,15.75,15.7,15.8,15.6,15.65,15.7,15.69,4502068,70645626.8,2926,1128744,25.07,-0.31746031746032743,Slight or No change,14.670436793970524,15.62857142857142,16.586706063172315
2018-12-18,GMRINFRA,EQ,15.7,15.6,15.85,15.6,15.65,15.7,15.71,6228576,97861520.15,3362,1465904,23.54,0.0,Slight or No change,14.67164040649686,15.607142857142847,16.542645307788835
2018-12-19,GMRINFRA,EQ,15.7,15.75,16.65,15.65,16.4,16.45,16.22,23900402,387723902.15,11604,6906298,28.9,4.7770700636942784,Among top gainers,14.618593210730886,15.639285714285704,16.65997821784052
2018-12-20,GMRINFRA,EQ,16.45,16.35,16.55,16.25,16.4,16.4,16.39,7668914,125723219.15,4437,1971409,25.71,-0.3039513677811634,Slight or No change,14.587130373026389,15.660714285714276,16.73429819840216
2018-12-21,GMRINFRA,EQ,16.4,16.5,16.65,15.85,15.85,15.9,16.14,12192790,196775983.35,6582,3847249,31.55,-3.0487804878048697,Among top losers,14.626732269609851,15.62499999999999,16.623267730390126
2018-12-24,GMRINFRA,EQ,15.9,15.95,15.95,15.45,15.8,15.75,15.72,9997982,157159014.5,6219,1650497,16.51,-0.943396226415094,Slight negative,14.636033833980362,15.59999999999999,16.56396616601962
2018-12-26,GMRINFRA,EQ,15.75,15.75,16.3,15.45,16.15,16.2,15.94,19133761,305038162.1,13071,4318487,22.57,2.8571428571428465,Positive,14.631566484766106,15.64642857142856,16.661290658091012
2018-12-27,GMRINFRA,EQ,16.2,16.3,16.55,15.85,16.0,15.95,16.19,15758928,255088898.35,8952,4546284,28.85,-1.5432098765432056,Negative,14.661881093704716,15.682142857142846,16.702404620580975
2018-12-28,GMRINFRA,EQ,15.95,16.05,16.4,16.05,16.2,16.25,16.23,6962303,113010453.35,3670,1721760,24.73,1.8808777429467185,Positive,14.735186104439768,15.757142857142847,16.779099609845925
2018-12-31,GMRINFRA,EQ,16.25,16.25,16.5,16.2,16.45,16.4,16.37,11417461,186928797.15,4500,2270793,19.89,0.9230769230769154,Slight positive,14.93750804141764,15.867857142857133,16.798206244296626
2019-01-01,GMRINFRA,EQ,16.4,16.5,16.55,16.25,16.4,16.4,16.39,5340382,87518560.85,2806,1357242,25.41,0.0,Slight or No change,15.272726453874578,15.985714285714277,16.698702117553974
2019-01-02,GMRINFRA,EQ,16.4,16.4,16.45,15.85,16.0,15.95,16.08,9110731,146520623.75,4894,2199354,24.14,-2.7439024390243816,Negative,15.37726628213736,16.02142857142856,16.665590860719764
2019-01-03,GMRINFRA,EQ,15.95,15.95,16.1,15.6,15.65,15.65,15.81,11069953,174964641.85,7589,2262048,20.43,-1.8808777429467072,Negative,15.42120770654044,16.032142857142848,16.643078007745256
2019-01-04,GMRINFRA,EQ,15.65,15.7,15.95,15.4,15.85,15.85,15.68,10132029,158849401.85,6652,2261002,22.32,1.2779552715654896,Positive,15.440339753671482,16.039285714285704,16.638231674899927
2019-01-07,GMRINFRA,EQ,15.85,16.0,16.15,15.7,15.85,15.85,15.94,6373303,101558745.55,4046,1405159,22.05,0.0,Slight or No change,15.472205785901247,16.04999999999999,16.62779421409873
2019-01-08,GMRINFRA,EQ,15.85,15.95,16.15,15.8,16.1,16.05,16.01,8130120,130153290.05,5369,2083919,25.63,1.2618296529968598,Positive,15.53327909541778,16.074999999999992,16.616720904582202
2019-01-09,GMRINFRA,EQ,16.05,16.1,17.0,16.1,16.9,16.85,16.6,35168601,583897267.95,20685,9624352,27.37,4.984423676012462,Among top gainers,15.446697379393536,16.10357142857142,16.760445477749304
2019-01-10,GMRINFRA,EQ,16.85,16.9,17.25,16.6,16.65,16.75,16.92,22063352,373257584.45,16011,5493408,24.9,-0.5934718100890302,Slight negative,15.400334056329715,16.128571428571423,16.85680880081313
2019-01-11,GMRINFRA,EQ,16.75,16.75,16.9,16.5,16.6,16.7,16.69,10788251,180080803.2,5966,1434184,13.29,-0.29850746268657025,Slight or No change,15.41069213076696,16.185714285714276,16.96073644066159
2019-01-14,GMRINFRA,EQ,16.7,16.6,16.6,16.35,16.45,16.4,16.44,5659958,93062680.15,4849,1134149,20.04,-1.7964071856287456,Negative,15.492488943418495,16.23214285714285,16.971796770867208
2019-01-15,GMRINFRA,EQ,16.4,16.5,16.65,16.35,16.5,16.5,16.48,7924206,130569795.25,3809,1366504,17.24,0.6097560975609762,Slight positive,15.500664972318072,16.253571428571423,17.006477884824772
2019-01-16,GMRINFRA,EQ,16.5,16.55,16.7,16.45,16.5,16.55,16.6,5551145,92148324.1,2589,1284829,23.15,0.3030303030303161,Slight or No change,15.549677366115036,16.296428571428567,17.0431797767421
2019-01-17,GMRINFRA,EQ,16.55,16.6,16.7,16.25,16.35,16.35,16.43,6546972,107546398.05,4068,1698406,25.94,-1.2084592145015116,Negative,15.55682022325789,16.303571428571423,17.050322633884957
2019-01-18,GMRINFRA,EQ,16.35,16.4,16.5,16.1,16.25,16.25,16.3,11481087,187106016.35,5170,2270192,19.77,-0.6116207951070374,Slight negative,15.547763299663755,16.292857142857137,17.03795098605052
2019-01-21,GMRINFRA,EQ,16.25,16.35,16.35,16.0,16.05,16.05,16.14,5651419,91241888.85,3382,1419896,25.12,-1.2307692307692242,Negative,15.514804746215468,16.267857142857135,17.020909539498803
2019-01-22,GMRINFRA,EQ,16.05,16.1,16.25,15.85,16.15,16.15,16.03,7922933,127013900.8,6157,2653775,33.49,0.6230529595015355,Slight positive,15.547707288562833,16.28214285714285,17.01657842572287
2019-01-23,GMRINFRA,EQ,16.15,16.2,16.45,16.0,16.25,16.15,16.23,10288798,167017831.25,7212,2335897,22.7,0.0,Slight or No change,15.672629523083673,16.31785714285714,16.963084762630604
2019-01-24,GMRINFRA,EQ,16.15,16.15,16.25,15.85,15.85,15.95,16.0,6695516,107138312.95,7469,1718841,25.67,-1.238390092879249,Negative,15.700192337287328,16.324999999999996,16.949807662712665
2019-01-25,GMRINFRA,EQ,15.95,16.0,16.1,15.6,15.7,15.65,15.82,9927876,157066294.9,5271,4542506,45.76,-1.8808777429467072,Negative,15.632278787472497,16.31071428571428,16.989149783956062
2019-01-28,GMRINFRA,EQ,15.65,15.65,15.7,15.0,15.4,15.4,15.32,21369201,327474888.3,7141,8408172,39.35,-1.5974440894568676,Negative,15.436472495452758,16.26428571428571,17.09209893311866
2019-01-29,GMRINFRA,EQ,15.4,15.25,15.75,15.25,15.7,15.55,15.52,12168233,188897152.9,8227,3298674,27.11,0.9740259740259828,Slight positive,15.335031273752232,16.171428571428567,17.007825869104902
2019-01-30,GMRINFRA,EQ,15.55,15.55,15.7,15.3,15.55,15.55,15.51,17156388,266028101.0,5623,3496128,20.38,0.0,Slight or No change,15.258830821291335,16.085714285714282,16.91259775013723
2019-01-31,GMRINFRA,EQ,15.55,15.6,15.7,15.0,15.35,15.2,15.25,43741779,667148357.7,14326,15665926,35.81,-2.250803858520911,Negative,15.10704378152845,15.978571428571426,16.850099075614402
2019-02-01,GMRINFRA,EQ,15.2,15.35,15.6,15.0,15.0,15.05,15.3,20712433,316899646.85,6914,9096694,43.92,-0.9868421052631526,Slight negative,14.917692321778468,15.882142857142854,16.84659339250724
2019-02-04,GMRINFRA,EQ,15.05,15.05,15.1,14.65,14.95,15.0,14.85,24877435,369402292.2,8896,11197563,45.01,-0.33222591362126463,Slight or No change,14.773654751001372,15.774999999999997,16.77634524899862
2019-02-05,GMRINFRA,EQ,15.0,15.05,15.35,12.95,15.2,14.75,14.42,82268889,1186026420.05,20866,48362599,58.79,-1.6666666666666718,Negative,14.612047087185518,15.646428571428569,16.680810055671618
2019-02-06,GMRINFRA,EQ,14.75,15.0,15.5,14.55,15.25,15.15,14.99,41626740,624027425.2,19507,11197923,26.9,2.7118644067796627,Positive,14.579993537074294,15.560714285714283,16.541435034354272
2019-02-07,GMRINFRA,EQ,15.15,15.05,15.4,15.0,15.25,15.2,15.18,12485377,189538592.65,5579,1734213,13.89,0.3300330033003229,Slight or No change,14.573887234443944,15.485714285714282,16.39754133698462
2019-02-08,GMRINFRA,EQ,15.2,15.15,15.3,14.85,14.9,14.95,15.02,10759687,161562604.9,4676,2113109,19.64,-1.6447368421052655,Negative,14.515422701957036,15.407142857142853,16.29886301232867
2019-02-11,GMRINFRA,EQ,14.95,14.9,14.95,14.05,14.8,14.8,14.43,29647326,427681578.25,15447,8009058,27.01,-1.0033444816053394,Negative,14.474809827216756,15.310714285714282,16.146618744211807
2019-02-12,GMRINFRA,EQ,14.8,14.7,15.15,14.45,14.7,14.7,14.77,31216569,460934301.55,10206,8840080,28.32,-0.6756756756756799,Slight negative,14.46515266141974,15.207142857142852,15.949133052865964
2019-02-13,GMRINFRA,EQ,14.7,14.75,14.85,14.2,14.8,14.6,14.54,26817307,389923608.75,7407,10415347,38.84,-0.6802721088435382,Slight negative,14.436829370375879,15.11071428571428,15.784599201052682
2019-02-14,GMRINFRA,EQ,14.6,14.4,15.0,14.15,14.9,14.8,14.56,30121759,438429095.5,15321,5925048,19.67,1.3698630136986356,Positive,14.43480772236535,15.049999999999995,15.66519227763464
2019-02-15,GMRINFRA,EQ,14.8,14.55,15.25,14.2,15.0,14.85,14.78,37106739,548523392.85,15175,9015169,24.3,0.33783783783782884,Slight or No change,14.422132455015836,15.01071428571428,15.599296116412726
2019-02-18,GMRINFRA,EQ,14.85,14.8,15.15,14.45,14.9,14.8,14.79,33906073,501369704.15,18078,7197233,21.23,-0.3367003367003241,Slight or No change,14.448967928361908,14.957142857142852,15.465317785923796
2019-02-19,GMRINFRA,EQ,14.8,14.85,15.85,14.8,15.55,15.6,15.47,32129171,497109763.25,16339,6466762,20.13,5.405405405405395,Among top gainers,14.434218509665163,14.960714285714278,15.487210061763394
2019-02-20,GMRINFRA,EQ,15.6,15.65,15.8,15.45,15.6,15.65,15.58,18744378,292062792.05,9562,6475620,34.55,0.3205128205128194,Slight or No change,14.359359959502354,14.992857142857137,15.626354326211919
2019-02-21,GMRINFRA,EQ,15.65,15.65,16.25,15.5,16.2,16.15,16.0,29707215,475406511.4,12146,8606872,28.97,3.194888178913735,Among top gainers,14.18502331100078,15.071428571428566,15.957833831856352
2019-02-22,GMRINFRA,EQ,16.15,16.15,16.65,16.05,16.45,16.45,16.41,25918676,425316902.9,9760,7244426,27.95,1.8575851393188847,Positive,14.02491639099929,15.174999999999994,16.325083609000696
2019-02-25,GMRINFRA,EQ,16.45,16.55,16.6,16.25,16.5,16.4,16.44,8701329,143057877.1,4438,1768879,20.33,-0.3039513677811634,Slight or No change,14.000955061037166,15.292857142857136,16.584759224677104
2019-02-26,GMRINFRA,EQ,16.4,16.3,16.4,15.9,16.3,16.25,16.17,17618104,284826218.35,7362,2555197,14.5,-0.9146341463414532,Slight negative,13.986501866500912,15.371428571428565,16.756355276356217
2019-02-27,GMRINFRA,EQ,16.25,16.6,16.65,15.95,16.15,16.2,16.32,23780217,388085949.5,10470,3351729,14.09,-0.3076923076923088,Slight or No change,13.994326246313486,15.442857142857136,16.891388039400788
2019-02-28,GMRINFRA,EQ,16.2,16.2,16.35,16.05,16.3,16.2,16.19,9977082,161491449.0,5548,2219675,22.25,0.0,Slight or No change,14.060562261134173,15.53214285714285,17.003723453151526
2019-03-01,GMRINFRA,EQ,16.2,16.25,16.7,16.25,16.55,16.65,16.51,16540787,273167129.65,6020,4382583,26.5,2.777777777777768,Positive,14.144453450550685,15.664285714285707,17.18411797802073
2019-03-05,GMRINFRA,EQ,16.65,16.55,17.05,16.4,17.0,17.0,16.87,21836673,368441917.3,7248,9231906,42.28,2.1021021021021102,Positive,14.261254129335768,15.828571428571422,17.395888727807076
2019-03-06,GMRINFRA,EQ,17.0,17.15,17.15,16.55,16.85,16.9,16.83,27943696,470331576.65,6881,15733347,56.3,-0.5882352941176561,Slight negative,14.49986987264656,15.992857142857137,17.485844413067714
2019-03-07,GMRINFRA,EQ,16.9,16.9,17.6,16.65,16.85,16.9,17.12,36968707,633005364.3,13694,17339356,46.9,0.0,Slight or No change,14.747338412251064,16.142857142857135,17.538375873463206
2019-03-08,GMRINFRA,EQ,16.9,16.85,17.05,16.7,16.85,16.85,16.84,8463138,142526494.85,5708,945067,11.17,-0.2958579881656598,Slight or No change,15.061328366520195,16.28571428571428,17.51010020490837
2019-03-11,GMRINFRA,EQ,16.85,16.95,17.25,16.9,17.2,17.2,17.1,9840669,168294626.1,6043,2218130,22.54,2.0771513353115667,Positive,15.482181601220677,16.45714285714285,17.43210411306502
2019-03-12,GMRINFRA,EQ,17.2,17.5,17.6,17.1,17.2,17.25,17.32,11855137,205355588.85,6579,2443644,20.61,0.2906976744186052,Slight or No change,15.648675584324348,16.574999999999992,17.501324415675636
2019-03-13,GMRINFRA,EQ,17.25,17.2,17.2,16.8,16.85,16.95,16.97,10933698,185573727.3,4462,1482310,13.56,-1.7391304347826098,Negative,15.892657771124949,16.667857142857134,17.44305651458932
2019-03-14,GMRINFRA,EQ,16.95,16.85,17.3,16.7,17.15,17.15,16.98,22677099,385053946.4,8303,5675278,25.03,1.179941002949847,Positive,15.985649838701915,16.739285714285707,17.4929215898695
2019-03-15,GMRINFRA,EQ,17.15,17.2,17.2,16.7,17.1,16.95,16.94,49225734,834127877.4,12977,22737494,46.19,-1.1661807580174877,Negative,16.033120888968732,16.77499999999999,17.51687911103125
2019-03-18,GMRINFRA,EQ,16.95,17.05,17.3,17.05,17.15,17.15,17.12,23982756,410549599.1,4175,15409872,64.25,1.179941002949847,Positive,16.09507161396892,16.82857142857142,17.562071243173918
2019-03-19,GMRINFRA,EQ,17.15,17.15,17.65,16.95,17.45,17.45,17.39,23401249,406970007.55,11191,5484800,23.44,1.7492711370262537,Positive,16.191653164369956,16.914285714285704,17.63691826420145
2019-03-20,GMRINFRA,EQ,17.45,17.45,17.55,16.9,16.95,17.0,17.09,28606799,488928124.75,13860,9083096,31.75,-2.57879656160458,Negative,16.37694846797132,16.971428571428564,17.565908674885808
2019-03-22,GMRINFRA,EQ,17.0,17.1,17.55,17.05,17.4,17.4,17.32,32892318,569739598.7,19534,9979889,30.34,2.3529411764705803,Positive,16.615368214180187,17.05714285714285,17.498917500105513
2019-03-25,GMRINFRA,EQ,17.4,17.15,17.55,16.95,17.1,17.1,17.23,33525604,577652785.3,28141,7528815,22.46,-1.7241379310344642,Negative,16.714753038441952,17.089285714285705,17.463818390129457
2019-03-26,GMRINFRA,EQ,17.1,17.1,19.8,17.1,19.75,19.45,18.7,124907761,2336246645.1,57336,17223420,13.79,13.742690058479527,Bear drop,15.952546662240934,17.264285714285705,18.576024766330477
2019-03-27,GMRINFRA,EQ,19.45,21.35,21.35,19.25,19.7,19.5,19.86,139209815,2764361326.5,72947,14232457,10.22,0.25706940874037354,Slight or No change,15.698077978553043,17.449999999999992,19.20192202144694
2019-03-28,GMRINFRA,EQ,19.5,19.7,20.45,19.4,20.1,20.0,19.85,53479398,1061812220.05,35857,12507303,23.39,2.5641025641025554,Positive,15.488376972012205,17.67142857142856,19.854480170844916
2019-03-29,GMRINFRA,EQ,20.0,20.15,20.4,19.6,19.65,19.8,19.97,47989389,958478413.3,32476,14982983,31.22,-1.0000000000000009,Negative,15.48194826796177,17.882142857142846,20.282337446323922
2019-04-01,GMRINFRA,EQ,19.8,19.55,19.9,19.35,19.6,19.5,19.6,24390698,477944220.6,12864,8612197,35.31,-1.5151515151515138,Negative,15.535080699892598,18.046428571428557,20.557776442964517
2019-04-02,GMRINFRA,EQ,19.5,19.55,19.95,19.25,19.35,19.35,19.51,22312647,435390893.0,12085,6461215,28.96,-0.7692307692307665,Slight negative,15.63954817480508,18.19642857142856,20.75330896805204
2019-04-03,GMRINFRA,EQ,19.35,19.35,19.4,18.5,18.6,18.6,18.85,35634325,671670951.4,22217,10840417,30.42,-3.8759689922480582,Among top losers,15.85463327747879,18.314285714285706,20.773938151092622
2019-04-04,GMRINFRA,EQ,18.6,18.65,19.35,18.5,19.1,19.05,18.88,24638561,465115369.0,15631,5431434,22.04,2.4193548387096757,Positive,16.058347851379693,18.449999999999992,20.84165214862029
2019-04-05,GMRINFRA,EQ,19.05,19.1,19.15,18.6,18.9,18.75,18.8,11387934,214145627.4,11766,2098421,18.43,-1.5748031496063075,Negative,16.346044648401488,18.578571428571422,20.811098208741356
2019-04-08,GMRINFRA,EQ,18.75,18.75,19.05,18.05,18.35,18.25,18.46,14303697,264010815.2,8236,2721495,19.03,-2.6666666666666616,Negative,16.56839750577585,18.65714285714285,20.745888208509854
2019-04-09,GMRINFRA,EQ,18.25,18.4,18.9,18.1,18.85,18.8,18.54,17154381,317966635.9,16331,2864210,16.7,3.0136986301369846,Among top gainers,16.78361856474082,18.753571428571426,20.723524292402033
2019-04-10,GMRINFRA,EQ,18.8,18.8,18.9,18.1,18.6,18.45,18.55,15561966,288600998.05,10026,4395452,28.24,-1.861702127659581,Negative,17.149307005339928,18.857142857142854,20.56497870894578
2019-04-11,GMRINFRA,EQ,18.45,18.6,19.35,18.55,18.75,18.7,18.84,26719459,503470020.8,17563,3780473,14.15,1.3550135501354976,Positive,17.45539431492908,18.949999999999996,20.44460568507091
2019-04-12,GMRINFRA,EQ,18.7,18.7,18.85,18.35,18.7,18.65,18.6,14551492,270671302.9,7926,4356308,29.94,-0.2673796791443861,Slight or No change,17.985698313433172,19.06071428571428,20.135730257995387
2019-04-15,GMRINFRA,EQ,18.65,18.65,18.95,18.5,18.55,18.6,18.72,8626458,161460785.8,7239,2309204,26.77,-0.2680965147452974,Slight or No change,17.923681488377305,18.999999999999996,20.076318511622688
2019-04-16,GMRINFRA,EQ,18.6,18.6,18.8,18.4,18.55,18.55,18.58,9689072,180048876.4,6541,1808577,18.67,-0.26881720430107503,Slight or No change,17.871949012126233,18.932142857142853,19.992336702159474
2019-04-18,GMRINFRA,EQ,18.55,18.55,18.65,18.0,18.3,18.35,18.28,15684926,286700888.75,7348,4689930,29.9,-1.0781671159029615,Negative,17.91008307240584,18.814285714285713,19.718488356165587
2019-04-22,GMRINFRA,EQ,18.35,18.3,18.3,17.75,17.8,17.8,17.98,10784248,193947719.6,7266,2622170,24.31,-2.9972752043596733,Negative,17.806990749920942,18.67142857142857,19.5358663929362
2019-04-23,GMRINFRA,EQ,17.8,17.95,18.0,17.3,17.5,17.4,17.64,20702021,365198102.55,8722,7611920,36.77,-2.247191011235972,Negative,17.55370778706791,18.52142857142857,19.489149355789227
2019-04-24,GMRINFRA,EQ,17.4,17.6,17.7,17.35,17.4,17.4,17.48,14177837,247898165.5,7601,3788622,26.72,0.0,Slight or No change,17.367930663552944,18.38214285714285,19.396355050732755
2019-04-25,GMRINFRA,EQ,17.4,17.5,17.75,16.95,17.05,17.05,17.3,22816769,394736363.7,10148,7690741,33.71,-2.011494252873547,Negative,17.043726348879137,18.271428571428565,19.499130793977994
2019-04-26,GMRINFRA,EQ,17.05,17.15,17.2,16.8,17.0,16.95,17.01,14425204,245340063.1,6308,5342179,37.03,-0.5865102639296293,Slight negative,16.794364555979822,18.121428571428567,19.44849258687731
2019-04-30,GMRINFRA,EQ,16.95,17.05,17.1,16.45,16.6,16.65,16.65,8603058,143271677.4,4949,2281463,26.52,-1.7699115044247815,Negative,16.485228312785324,17.971428571428564,19.457628830071805
2019-05-02,GMRINFRA,EQ,16.65,16.6,16.95,16.55,16.8,16.75,16.74,10507102,175933890.1,4385,2647582,25.2,0.6006006006006093,Slight positive,16.25353883953924,17.864285714285707,19.475032589032175
2019-05-03,GMRINFRA,EQ,16.75,16.55,16.9,16.45,16.55,16.5,16.67,11471376,191204556.4,7095,2690333,23.45,-1.49253731343284,Negative,16.032205509800896,17.699999999999992,19.36779449019909
2019-05-06,GMRINFRA,EQ,16.5,16.45,16.6,16.25,16.4,16.4,16.43,6195624,101822755.4,3509,1623683,26.21,-0.60606060606061,Slight negative,15.811130927119823,17.55357142857142,19.296011930023017
2019-05-07,GMRINFRA,EQ,16.4,16.5,16.85,15.8,16.1,16.0,16.32,15954295,260340687.3,5815,5676609,35.58,-2.439024390243893,Negative,15.567917342633201,17.360714285714277,19.153511228795352
2019-05-08,GMRINFRA,EQ,16.0,16.0,16.15,15.7,15.9,15.85,15.93,9537037,151898215.9,4605,2012032,21.1,-0.9375000000000022,Slight negative,15.362775905907462,17.16071428571428,18.9586526655211
2019-05-09,GMRINFRA,EQ,15.85,15.85,16.25,15.65,16.0,16.05,15.95,9317526,148600851.5,4191,3356754,36.03,1.2618296529968598,Positive,15.295755891482443,16.97857142857142,18.661386965660398
2019-05-10,GMRINFRA,EQ,16.05,16.0,16.3,15.85,16.0,16.1,16.1,7705137,124014438.6,3967,1768866,22.96,0.31152647975078995,Slight or No change,15.327889429413986,16.80357142857142,18.279253427728854
2019-05-13,GMRINFRA,EQ,16.1,16.1,16.1,15.15,15.3,15.3,15.6,11409435,178008565.3,5108,2176806,19.08,-4.968944099378891,Among top losers,15.195402438333653,16.58571428571428,17.976026133094905
